{
  "player": {
    "if101": {
      "sh": "高清蓝光",
      "sn": 0,
      "pu": "",
      "or": 999
    }
  },
  "filter": {
    "1": [
      {
        "key": "tid",
        "name": "分类",
        "value": [
          {
            "n": "全部",
            "v": ""
          },
          {
            "n": "冒险",
            "v": "6"
          },
          {
            "n": "剧情",
            "v": "7"
          },
          {
            "n": "动作",
            "v": "8"
          },
          {
            "n": "动画电影",
            "v": "9"
          },
          {
            "n": "同性",
            "v": "10"
          },
          {
            "n": "喜剧",
            "v": "11"
          },
          {
            "n": "奇幻",
            "v": "12"
          },
          {
            "n": "恐怖",
            "v": "20"
          },
          {
            "n": "悬疑",
            "v": "21"
          },
          {
            "n": "惊悚",
            "v": "22"
          },
          {
            "n": "战争",
            "v": "23"
          },
          {
            "n": "歌舞",
            "v": "24"
          },
          {
            "n": "灾难",
            "v": "25"
          },
          {
            "n": "爱情",
            "v": "26"
          },
          {
            "n": "犯罪",
            "v": "27"
          },
          {
            "n": "科幻",
            "v": "28"
          },
          {
            "n": "经典",
            "v": "29"
          },
          {
            "n": "网络电影",
            "v": "30"
          }
        ]
      },
      {
        "key": "class",
        "name": "类型",
        "value": [
          {
            "n": "全部",
            "v": ""
          },
          {
            "n": "喜剧",
            "v": "喜剧"
          },
          {
            "n": "爱情",
            "v": "爱情"
          },
          {
            "n": "恐怖",
            "v": "恐怖"
          },
          {
            "n": "动作",
            "v": "动作"
          },
          {
            "n": "科幻",
            "v": "科幻"
          },
          {
            "n": "剧情",
            "v": "剧情"
          },
          {
            "n": "战争",
            "v": "战争"
          },
          {
            "n": "警匪",
            "v": "警匪"
          },
          {
            "n": "犯罪",
            "v": "犯罪"
          },
          {
            "n": "动画",
            "v": "动画"
          },
          {
            "n": "奇幻",
            "v": "奇幻"
          },
          {
            "n": "武侠",
            "v": "武侠"
          },
          {
            "n": "冒险",
            "v": "冒险"
          },
          {
            "n": "枪战",
            "v": "枪战"
          },
          {
            "n": "恐怖",
            "v": "恐怖"
          },
          {
            "n": "悬疑",
            "v": "悬疑"
          },
          {
            "n": "惊悚",
            "v": "惊悚"
          },
          {
            "n": "经典",
            "v": "经典"
          },
          {
            "n": "青春",
            "v": "青春"
          },
          {
            "n": "文艺",
            "v": "文艺"
          },
          {
            "n": "微电影",
            "v": "微电影"
          },
          {
            "n": "古装",
            "v": "古装"
          },
          {
            "n": "历史",
            "v": "历史"
          },
          {
            "n": "运动",
            "v": "运动"
          },
          {
            "n": "农村",
            "v": "农村"
          },
          {
            "n": "儿童",
            "v": "儿童"
          },
          {
            "n": "网络电影",
            "v": "网络电影"
          }
        ]
      },
      {
        "key": "area",
        "name": "地区",
        "value": [
          {
            "n": "全部",
            "v": ""
          },
          {
            "n": "大陆",
            "v": "大陆"
          },
          {
            "n": "香港",
            "v": "香港"
          },
          {
            "n": "台湾",
            "v": "台湾"
          },
          {
            "n": "美国",
            "v": "美国"
          },
          {
            "n": "法国",
            "v": "法国"
          },
          {
            "n": "英国",
            "v": "英国"
          },
          {
            "n": "日本",
            "v": "日本"
          },
          {
            "n": "韩国",
            "v": "韩国"
          },
          {
            "n": "德国",
            "v": "德国"
          },
          {
            "n": "泰国",
            "v": "泰国"
          },
          {
            "n": "印度",
            "v": "印度"
          },
          {
            "n": "意大利",
            "v": "意大利"
          },
          {
            "n": "西班牙",
            "v": "西班牙"
          },
          {
            "n": "加拿大",
            "v": "加拿大"
          },
          {
            "n": "其他",
            "v": "其他"
          }
        ]
      },
      {
        "key": "year",
        "name": "年份",
        "value": [
          {
            "n": "全部",
            "v": ""
          },
          {
            "n": "2022",
            "v": "2022"
          },
          {
            "n": "2021",
            "v": "2021"
          },
          {
            "n": "2020",
            "v": "2020"
          },
          {
            "n": "2019",
            "v": "2019"
          },
          {
            "n": "2018",
            "v": "2018"
          },
          {
            "n": "2017",
            "v": "2017"
          },
          {
            "n": "2016",
            "v": "2016"
          },
          {
            "n": "2015",
            "v": "2015"
          },
          {
            "n": "2014",
            "v": "2014"
          },
          {
            "n": "2013",
            "v": "2013"
          },
          {
            "n": "2012",
            "v": "2012"
          },
          {
            "n": "2011",
            "v": "2011"
          },
          {
            "n": "2010",
            "v": "2010"
          },
          {
            "n": "2009",
            "v": "2009"
          },
          {
            "n": "2008",
            "v": "2008"
          },
          {
            "n": "2007",
            "v": "2007"
          },
          {
            "n": "2006",
            "v": "2006"
          },
          {
            "n": "2005",
            "v": "2005"
          },
          {
            "n": "2004",
            "v": "2004"
          },
          {
            "n": "2003",
            "v": "2003"
          },
          {
            "n": "2002",
            "v": "2002"
          },
          {
            "n": "2001",
            "v": "2001"
          },
          {
            "n": "2000",
            "v": "2000"
          }
        ]
      },
      {
        "key": "lang",
        "name": "语言",
        "value": [
          {
            "n": "全部",
            "v": ""
          },
          {
            "n": "国语",
            "v": "国语"
          },
          {
            "n": "英语",
            "v": "英语"
          },
          {
            "n": "粤语",
            "v": "粤语"
          },
          {
            "n": "闽南语",
            "v": "闽南语"
          },
          {
            "n": "韩语",
            "v": "韩语"
          },
          {
            "n": "日语",
            "v": "日语"
          },
          {
            "n": "法语",
            "v": "法语"
          },
          {
            "n": "德语",
            "v": "德语"
          },
          {
            "n": "其它",
            "v": "其它"
          }
        ]
      },
      {
        "key": "version",
        "name": "版本",
        "value": [
          {
            "n": "全部",
            "v": ""
          },
          {
            "n": "高清版",
            "v": "高清版"
          },
          {
            "n": "剧场版",
            "v": "剧场版"
          },
          {
            "n": "抢先版",
            "v": "抢先版"
          },
          {
            "n": "OVA",
            "v": "OVA"
          },
          {
            "n": "TV",
            "v": "TV"
          },
          {
            "n": "影院版",
            "v": "影院版"
          }
        ]
      },
      {
        "key": "state",
        "name": "资源",
        "value": [
          {
            "n": "全部",
            "v": ""
          },
          {
            "n": "正片",
            "v": "正片"
          },
          {
            "n": "预告片",
            "v": "预告片"
          },
          {
            "n": "花絮",
            "v": "花絮"
          }
        ]
      },
      {
        "key": "letter",
        "name": "字母",
        "value": [
          {
            "n": "全部",
            "v": ""
          },
          {
            "n": "A",
            "v": "A"
          },
          {
            "n": "B",
            "v": "B"
          },
          {
            "n": "C",
            "v": "C"
          },
          {
            "n": "D",
            "v": "D"
          },
          {
            "n": "E",
            "v": "E"
          },
          {
            "n": "F",
            "v": "F"
          },
          {
            "n": "G",
            "v": "G"
          },
          {
            "n": "H",
            "v": "H"
          },
          {
            "n": "I",
            "v": "I"
          },
          {
            "n": "J",
            "v": "J"
          },
          {
            "n": "K",
            "v": "K"
          },
          {
            "n": "L",
            "v": "L"
          },
          {
            "n": "M",
            "v": "M"
          },
          {
            "n": "N",
            "v": "N"
          },
          {
            "n": "O",
            "v": "O"
          },
          {
            "n": "P",
            "v": "P"
          },
          {
            "n": "Q",
            "v": "Q"
          },
          {
            "n": "R",
            "v": "R"
          },
          {
            "n": "S",
            "v": "S"
          },
          {
            "n": "T",
            "v": "T"
          },
          {
            "n": "U",
            "v": "U"
          },
          {
            "n": "V",
            "v": "V"
          },
          {
            "n": "W",
            "v": "W"
          },
          {
            "n": "X",
            "v": "X"
          },
          {
            "n": "Y",
            "v": "Y"
          },
          {
            "n": "Z",
            "v": "Z"
          }
        ]
      },
      {
        "key": "by",
        "name": "By",
        "value": [
          {
            "n": "按最新",
            "v": "time"
          },
          {
            "n": "按最热",
            "v": "hits"
          },
          {
            "n": "按评分",
            "v": "score"
          }
        ]
      }
    ],
    "2": [
      {
        "key": "tid",
        "name": "分类",
        "value": [
          {
            "n": "全部",
            "v": ""
          },
          {
            "n": "欧美剧",
            "v": "13"
          },
          {
            "n": "日剧",
            "v": "14"
          },
          {
            "n": "韩剧",
            "v": "15"
          },
          {
            "n": "国产剧",
            "v": "16"
          },
          {
            "n": "泰剧",
            "v": "31"
          },
          {
            "n": "港剧",
            "v": "32"
          },
          {
            "n": "台剧",
            "v": "33"
          },
          {
            "n": "新马剧",
            "v": "34"
          },
          {
            "n": "其它剧",
            "v": "35"
          }
        ]
      },
      {
        "key": "class",
        "name": "类型",
        "value": [
          {
            "n": "全部",
            "v": ""
          },
          {
            "n": "古装",
            "v": "古装"
          },
          {
            "n": "战争",
            "v": "战争"
          },
          {
            "n": "青春偶像",
            "v": "青春偶像"
          },
          {
            "n": "喜剧",
            "v": "喜剧"
          },
          {
            "n": "家庭",
            "v": "家庭"
          },
          {
            "n": "犯罪",
            "v": "犯罪"
          },
          {
            "n": "动作",
            "v": "动作"
          },
          {
            "n": "奇幻",
            "v": "奇幻"
          },
          {
            "n": "剧情",
            "v": "剧情"
          },
          {
            "n": "历史",
            "v": "历史"
          },
          {
            "n": "经典",
            "v": "经典"
          },
          {
            "n": "乡村",
            "v": "乡村"
          },
          {
            "n": "情景",
            "v": "情景"
          },
          {
            "n": "商战",
            "v": "商战"
          },
          {
            "n": "网剧",
            "v": "网剧"
          },
          {
            "n": "其他",
            "v": "其他"
          }
        ]
      },
      {
        "key": "area",
        "name": "地区",
        "value": [
          {
            "n": "全部",
            "v": ""
          },
          {
            "n": "大陆",
            "v": "大陆"
          },
          {
            "n": "韩国",
            "v": "韩国"
          },
          {
            "n": "香港",
            "v": "香港"
          },
          {
            "n": "台湾",
            "v": "台湾"
          },
          {
            "n": "日本",
            "v": "日本"
          },
          {
            "n": "美国",
            "v": "美国"
          },
          {
            "n": "泰国",
            "v": "泰国"
          },
          {
            "n": "英国",
            "v": "英国"
          },
          {
            "n": "新加坡",
            "v": "新加坡"
          },
          {
            "n": "其他",
            "v": "其他"
          }
        ]
      },
      {
        "key": "year",
        "name": "年份",
        "value": [
          {
            "n": "全部",
            "v": ""
          },
          {
            "n": "2022",
            "v": "2022"
          },
          {
            "n": "2021",
            "v": "2021"
          },
          {
            "n": "2020",
            "v": "2020"
          },
          {
            "n": "2019",
            "v": "2019"
          },
          {
            "n": "2018",
            "v": "2018"
          },
          {
            "n": "2017",
            "v": "2017"
          },
          {
            "n": "2016",
            "v": "2016"
          },
          {
            "n": "2015",
            "v": "2015"
          },
          {
            "n": "2014",
            "v": "2014"
          },
          {
            "n": "2013",
            "v": "2013"
          },
          {
            "n": "2012",
            "v": "2012"
          },
          {
            "n": "2011",
            "v": "2011"
          },
          {
            "n": "2010",
            "v": "2010"
          },
          {
            "n": "2009",
            "v": "2009"
          },
          {
            "n": "2008",
            "v": "2008"
          },
          {
            "n": "2007",
            "v": "2007"
          },
          {
            "n": "2006",
            "v": "2006"
          },
          {
            "n": "2005",
            "v": "2005"
          },
          {
            "n": "2004",
            "v": "2004"
          },
          {
            "n": "2003",
            "v": "2003"
          },
          {
            "n": "2002",
            "v": "2002"
          },
          {
            "n": "2001",
            "v": "2001"
          },
          {
            "n": "2000",
            "v": "2000"
          }
        ]
      },
      {
        "key": "lang",
        "name": "语言",
        "value": [
          {
            "n": "全部",
            "v": ""
          },
          {
            "n": "国语",
            "v": "国语"
          },
          {
            "n": "英语",
            "v": "英语"
          },
          {
            "n": "粤语",
            "v": "粤语"
          },
          {
            "n": "闽南语",
            "v": "闽南语"
          },
          {
            "n": "韩语",
            "v": "韩语"
          },
          {
            "n": "日语",
            "v": "日语"
          },
          {
            "n": "其它",
            "v": "其它"
          }
        ]
      },
      {
        "key": "version",
        "name": "版本",
        "value": [
          {
            "n": "全部",
            "v": ""
          },
          {
            "n": "高清版",
            "v": "高清版"
          },
          {
            "n": "剧场版",
            "v": "剧场版"
          },
          {
            "n": "抢先版",
            "v": "抢先版"
          },
          {
            "n": "OVA",
            "v": "OVA"
          },
          {
            "n": "TV",
            "v": "TV"
          },
          {
            "n": "影院版",
            "v": "影院版"
          }
        ]
      },
      {
        "key": "state",
        "name": "资源",
        "value": [
          {
            "n": "全部",
            "v": ""
          },
          {
            "n": "正片",
            "v": "正片"
          },
          {
            "n": "预告片",
            "v": "预告片"
          },
          {
            "n": "花絮",
            "v": "花絮"
          }
        ]
      },
      {
        "key": "letter",
        "name": "字母",
        "value": [
          {
            "n": "全部",
            "v": ""
          },
          {
            "n": "A",
            "v": "A"
          },
          {
            "n": "B",
            "v": "B"
          },
          {
            "n": "C",
            "v": "C"
          },
          {
            "n": "D",
            "v": "D"
          },
          {
            "n": "E",
            "v": "E"
          },
          {
            "n": "F",
            "v": "F"
          },
          {
            "n": "G",
            "v": "G"
          },
          {
            "n": "H",
            "v": "H"
          },
          {
            "n": "I",
            "v": "I"
          },
          {
            "n": "J",
            "v": "J"
          },
          {
            "n": "K",
            "v": "K"
          },
          {
            "n": "L",
            "v": "L"
          },
          {
            "n": "M",
            "v": "M"
          },
          {
            "n": "N",
            "v": "N"
          },
          {
            "n": "O",
            "v": "O"
          },
          {
            "n": "P",
            "v": "P"
          },
          {
            "n": "Q",
            "v": "Q"
          },
          {
            "n": "R",
            "v": "R"
          },
          {
            "n": "S",
            "v": "S"
          },
          {
            "n": "T",
            "v": "T"
          },
          {
            "n": "U",
            "v": "U"
          },
          {
            "n": "V",
            "v": "V"
          },
          {
            "n": "W",
            "v": "W"
          },
          {
            "n": "X",
            "v": "X"
          },
          {
            "n": "Y",
            "v": "Y"
          },
          {
            "n": "Z",
            "v": "Z"
          }
        ]
      },
      {
        "key": "by",
        "name": "By",
        "value": [
          {
            "n": "按最新",
            "v": "time"
          },
          {
            "n": "按最热",
            "v": "hits"
          },
          {
            "n": "按评分",
            "v": "score"
          }
        ]
      }
    ],
    "3": [
      {
        "key": "tid",
        "name": "分类",
        "value": [
          {
            "n": "全部",
            "v": ""
          },
          {
            "n": "欧美动漫",
            "v": "36"
          },
          {
            "n": "日本动漫",
            "v": "37"
          },
          {
            "n": "韩国动漫",
            "v": "38"
          },
          {
            "n": "国产动漫",
            "v": "39"
          },
          {
            "n": "新马泰动漫",
            "v": "40"
          },
          {
            "n": "港台动漫",
            "v": "41"
          },
          {
            "n": "其他动漫",
            "v": "42"
          }
        ]
      },
      {
        "key": "class",
        "name": "类型",
        "value": [
          {
            "n": "全部",
            "v": ""
          },
          {
            "n": "选秀",
            "v": "选秀"
          },
          {
            "n": "情感",
            "v": "情感"
          },
          {
            "n": "访谈",
            "v": "访谈"
          },
          {
            "n": "播报",
            "v": "播报"
          },
          {
            "n": "旅游",
            "v": "旅游"
          },
          {
            "n": "音乐",
            "v": "音乐"
          },
          {
            "n": "美食",
            "v": "美食"
          },
          {
            "n": "纪实",
            "v": "纪实"
          },
          {
            "n": "曲艺",
            "v": "曲艺"
          },
          {
            "n": "生活",
            "v": "生活"
          },
          {
            "n": "游戏互动",
            "v": "游戏互动"
          },
          {
            "n": "财经",
            "v": "财经"
          },
          {
            "n": "求职",
            "v": "求职"
          }
        ]
      },
      {
        "key": "area",
        "name": "地区",
        "value": [
          {
            "n": "全部",
            "v": ""
          },
          {
            "n": "大陆",
            "v": "大陆"
          },
          {
            "n": "港台",
            "v": "港台"
          },
          {
            "n": "日韩",
            "v": "日韩"
          },
          {
            "n": "欧美",
            "v": "欧美"
          }
        ]
      },
      {
        "key": "year",
        "name": "年份",
        "value": [
          {
            "n": "全部",
            "v": ""
          },
          {
            "n": "2022",
            "v": "2022"
          },
          {
            "n": "2021",
            "v": "2021"
          },
          {
            "n": "2020",
            "v": "2020"
          },
          {
            "n": "2019",
            "v": "2019"
          },
          {
            "n": "2018",
            "v": "2018"
          },
          {
            "n": "2017",
            "v": "2017"
          },
          {
            "n": "2016",
            "v": "2016"
          },
          {
            "n": "2015",
            "v": "2015"
          },
          {
            "n": "2014",
            "v": "2014"
          },
          {
            "n": "2013",
            "v": "2013"
          },
          {
            "n": "2012",
            "v": "2012"
          },
          {
            "n": "2011",
            "v": "2011"
          },
          {
            "n": "2010",
            "v": "2010"
          },
          {
            "n": "2009",
            "v": "2009"
          },
          {
            "n": "2008",
            "v": "2008"
          },
          {
            "n": "2007",
            "v": "2007"
          },
          {
            "n": "2006",
            "v": "2006"
          },
          {
            "n": "2005",
            "v": "2005"
          },
          {
            "n": "2004",
            "v": "2004"
          },
          {
            "n": "2003",
            "v": "2003"
          },
          {
            "n": "2002",
            "v": "2002"
          },
          {
            "n": "2001",
            "v": "2001"
          },
          {
            "n": "2000",
            "v": "2000"
          }
        ]
      },
      {
        "key": "lang",
        "name": "语言",
        "value": [
          {
            "n": "全部",
            "v": ""
          },
          {
            "n": "国语",
            "v": "国语"
          },
          {
            "n": "英语",
            "v": "英语"
          },
          {
            "n": "粤语",
            "v": "粤语"
          },
          {
            "n": "闽南语",
            "v": "闽南语"
          },
          {
            "n": "韩语",
            "v": "韩语"
          },
          {
            "n": "日语",
            "v": "日语"
          },
          {
            "n": "其它",
            "v": "其它"
          }
        ]
      },
      {
        "key": "letter",
        "name": "字母",
        "value": [
          {
            "n": "全部",
            "v": ""
          },
          {
            "n": "A",
            "v": "A"
          },
          {
            "n": "B",
            "v": "B"
          },
          {
            "n": "C",
            "v": "C"
          },
          {
            "n": "D",
            "v": "D"
          },
          {
            "n": "E",
            "v": "E"
          },
          {
            "n": "F",
            "v": "F"
          },
          {
            "n": "G",
            "v": "G"
          },
          {
            "n": "H",
            "v": "H"
          },
          {
            "n": "I",
            "v": "I"
          },
          {
            "n": "J",
            "v": "J"
          },
          {
            "n": "K",
            "v": "K"
          },
          {
            "n": "L",
            "v": "L"
          },
          {
            "n": "M",
            "v": "M"
          },
          {
            "n": "N",
            "v": "N"
          },
          {
            "n": "O",
            "v": "O"
          },
          {
            "n": "P",
            "v": "P"
          },
          {
            "n": "Q",
            "v": "Q"
          },
          {
            "n": "R",
            "v": "R"
          },
          {
            "n": "S",
            "v": "S"
          },
          {
            "n": "T",
            "v": "T"
          },
          {
            "n": "U",
            "v": "U"
          },
          {
            "n": "V",
            "v": "V"
          },
          {
            "n": "W",
            "v": "W"
          },
          {
            "n": "X",
            "v": "X"
          },
          {
            "n": "Y",
            "v": "Y"
          },
          {
            "n": "Z",
            "v": "Z"
          }
        ]
      },
      {
        "key": "by",
        "name": "By",
        "value": [
          {
            "n": "按最新",
            "v": "time"
          },
          {
            "n": "按最热",
            "v": "hits"
          },
          {
            "n": "按评分",
            "v": "score"
          }
        ]
      }
    ],
    "4": [
      {
        "key": "tid",
        "name": "分类",
        "value": [
          {
            "n": "全部",
            "v": ""
          },
          {
            "n": "欧美综艺",
            "v": "43"
          },
          {
            "n": "日本综艺",
            "v": "44"
          },
          {
            "n": "韩国综艺",
            "v": "45"
          },
          {
            "n": "国产综艺",
            "v": "46"
          },
          {
            "n": "新马泰综艺",
            "v": "47"
          },
          {
            "n": "港台综艺",
            "v": "48"
          },
          {
            "n": "其他综艺",
            "v": "49"
          }
        ]
      },
      {
        "key": "class",
        "name": "类型",
        "value": [
          {
            "n": "全部",
            "v": ""
          },
          {
            "n": "情感",
            "v": "情感"
          },
          {
            "n": "科幻",
            "v": "科幻"
          },
          {
            "n": "热血",
            "v": "热血"
          },
          {
            "n": "推理",
            "v": "推理"
          },
          {
            "n": "搞笑",
            "v": "搞笑"
          },
          {
            "n": "冒险",
            "v": "冒险"
          },
          {
            "n": "萝莉",
            "v": "萝莉"
          },
          {
            "n": "校园",
            "v": "校园"
          },
          {
            "n": "动作",
            "v": "动作"
          },
          {
            "n": "机战",
            "v": "机战"
          },
          {
            "n": "运动",
            "v": "运动"
          },
          {
            "n": "战争",
            "v": "战争"
          },
          {
            "n": "少年",
            "v": "少年"
          },
          {
            "n": "少女",
            "v": "少女"
          },
          {
            "n": "社会",
            "v": "社会"
          },
          {
            "n": "原创",
            "v": "原创"
          },
          {
            "n": "亲子",
            "v": "亲子"
          },
          {
            "n": "益智",
            "v": "益智"
          },
          {
            "n": "励志",
            "v": "励志"
          },
          {
            "n": "其他",
            "v": "其他"
          }
        ]
      },
      {
        "key": "area",
        "name": "地区",
        "value": [
          {
            "n": "全部",
            "v": ""
          },
          {
            "n": "大陆",
            "v": "大陆"
          },
          {
            "n": "日本",
            "v": "日本"
          },
          {
            "n": "欧美",
            "v": "欧美"
          },
          {
            "n": "其他",
            "v": "其他"
          }
        ]
      },
      {
        "key": "year",
        "name": "年份",
        "value": [
          {
            "n": "全部",
            "v": ""
          },
          {
            "n": "2022",
            "v": "2022"
          },
          {
            "n": "2021",
            "v": "2021"
          },
          {
            "n": "2020",
            "v": "2020"
          },
          {
            "n": "2019",
            "v": "2019"
          },
          {
            "n": "2018",
            "v": "2018"
          },
          {
            "n": "2017",
            "v": "2017"
          },
          {
            "n": "2016",
            "v": "2016"
          },
          {
            "n": "2015",
            "v": "2015"
          },
          {
            "n": "2014",
            "v": "2014"
          },
          {
            "n": "2013",
            "v": "2013"
          },
          {
            "n": "2012",
            "v": "2012"
          },
          {
            "n": "2011",
            "v": "2011"
          },
          {
            "n": "2010",
            "v": "2010"
          },
          {
            "n": "2009",
            "v": "2009"
          },
          {
            "n": "2008",
            "v": "2008"
          },
          {
            "n": "2007",
            "v": "2007"
          },
          {
            "n": "2006",
            "v": "2006"
          },
          {
            "n": "2005",
            "v": "2005"
          },
          {
            "n": "2004",
            "v": "2004"
          },
          {
            "n": "2003",
            "v": "2003"
          },
          {
            "n": "2002",
            "v": "2002"
          },
          {
            "n": "2001",
            "v": "2001"
          },
          {
            "n": "2000",
            "v": "2000"
          }
        ]
      },
      {
        "key": "lang",
        "name": "语言",
        "value": [
          {
            "n": "全部",
            "v": ""
          },
          {
            "n": "国语",
            "v": "国语"
          },
          {
            "n": "英语",
            "v": "英语"
          },
          {
            "n": "粤语",
            "v": "粤语"
          },
          {
            "n": "闽南语",
            "v": "闽南语"
          },
          {
            "n": "韩语",
            "v": "韩语"
          },
          {
            "n": "日语",
            "v": "日语"
          },
          {
            "n": "其它",
            "v": "其它"
          }
        ]
      },
      {
        "key": "version",
        "name": "版本",
        "value": [
          {
            "n": "全部",
            "v": ""
          },
          {
            "n": "TV版",
            "v": "TV版"
          },
          {
            "n": "电影版",
            "v": "电影版"
          },
          {
            "n": "OVA版",
            "v": "OVA版"
          },
          {
            "n": "真人版",
            "v": "真人版"
          }
        ]
      },
      {
        "key": "letter",
        "name": "字母",
        "value": [
          {
            "n": "全部",
            "v": ""
          },
          {
            "n": "A",
            "v": "A"
          },
          {
            "n": "B",
            "v": "B"
          },
          {
            "n": "C",
            "v": "C"
          },
          {
            "n": "D",
            "v": "D"
          },
          {
            "n": "E",
            "v": "E"
          },
          {
            "n": "F",
            "v": "F"
          },
          {
            "n": "G",
            "v": "G"
          },
          {
            "n": "H",
            "v": "H"
          },
          {
            "n": "I",
            "v": "I"
          },
          {
            "n": "J",
            "v": "J"
          },
          {
            "n": "K",
            "v": "K"
          },
          {
            "n": "L",
            "v": "L"
          },
          {
            "n": "M",
            "v": "M"
          },
          {
            "n": "N",
            "v": "N"
          },
          {
            "n": "O",
            "v": "O"
          },
          {
            "n": "P",
            "v": "P"
          },
          {
            "n": "Q",
            "v": "Q"
          },
          {
            "n": "R",
            "v": "R"
          },
          {
            "n": "S",
            "v": "S"
          },
          {
            "n": "T",
            "v": "T"
          },
          {
            "n": "U",
            "v": "U"
          },
          {
            "n": "V",
            "v": "V"
          },
          {
            "n": "W",
            "v": "W"
          },
          {
            "n": "X",
            "v": "X"
          },
          {
            "n": "Y",
            "v": "Y"
          },
          {
            "n": "Z",
            "v": "Z"
          }
        ]
      },
      {
        "key": "by",
        "name": "By",
        "value": [
          {
            "n": "按最新",
            "v": "time"
          },
          {
            "n": "按最热",
            "v": "hits"
          },
          {
            "n": "按评分",
            "v": "score"
          }
        ]
      }
    ],
    "50": [
      {
        "key": "letter",
        "name": "字母",
        "value": [
          {
            "n": "全部",
            "v": ""
          },
          {
            "n": "A",
            "v": "A"
          },
          {
            "n": "B",
            "v": "B"
          },
          {
            "n": "C",
            "v": "C"
          },
          {
            "n": "D",
            "v": "D"
          },
          {
            "n": "E",
            "v": "E"
          },
          {
            "n": "F",
            "v": "F"
          },
          {
            "n": "G",
            "v": "G"
          },
          {
            "n": "H",
            "v": "H"
          },
          {
            "n": "I",
            "v": "I"
          },
          {
            "n": "J",
            "v": "J"
          },
          {
            "n": "K",
            "v": "K"
          },
          {
            "n": "L",
            "v": "L"
          },
          {
            "n": "M",
            "v": "M"
          },
          {
            "n": "N",
            "v": "N"
          },
          {
            "n": "O",
            "v": "O"
          },
          {
            "n": "P",
            "v": "P"
          },
          {
            "n": "Q",
            "v": "Q"
          },
          {
            "n": "R",
            "v": "R"
          },
          {
            "n": "S",
            "v": "S"
          },
          {
            "n": "T",
            "v": "T"
          },
          {
            "n": "U",
            "v": "U"
          },
          {
            "n": "V",
            "v": "V"
          },
          {
            "n": "W",
            "v": "W"
          },
          {
            "n": "X",
            "v": "X"
          },
          {
            "n": "Y",
            "v": "Y"
          },
          {
            "n": "Z",
            "v": "Z"
          }
        ]
      },
      {
        "key": "by",
        "name": "By",
        "value": [
          {
            "n": "按最新",
            "v": "time"
          },
          {
            "n": "按最热",
            "v": "hits"
          },
          {
            "n": "按评分",
            "v": "score"
          }
        ]
      }
    ],
    "51": [
      {
        "key": "letter",
        "name": "字母",
        "value": [
          {
            "n": "全部",
            "v": ""
          },
          {
            "n": "A",
            "v": "A"
          },
          {
            "n": "B",
            "v": "B"
          },
          {
            "n": "C",
            "v": "C"
          },
          {
            "n": "D",
            "v": "D"
          },
          {
            "n": "E",
            "v": "E"
          },
          {
            "n": "F",
            "v": "F"
          },
          {
            "n": "G",
            "v": "G"
          },
          {
            "n": "H",
            "v": "H"
          },
          {
            "n": "I",
            "v": "I"
          },
          {
            "n": "J",
            "v": "J"
          },
          {
            "n": "K",
            "v": "K"
          },
          {
            "n": "L",
            "v": "L"
          },
          {
            "n": "M",
            "v": "M"
          },
          {
            "n": "N",
            "v": "N"
          },
          {
            "n": "O",
            "v": "O"
          },
          {
            "n": "P",
            "v": "P"
          },
          {
            "n": "Q",
            "v": "Q"
          },
          {
            "n": "R",
            "v": "R"
          },
          {
            "n": "S",
            "v": "S"
          },
          {
            "n": "T",
            "v": "T"
          },
          {
            "n": "U",
            "v": "U"
          },
          {
            "n": "V",
            "v": "V"
          },
          {
            "n": "W",
            "v": "W"
          },
          {
            "n": "X",
            "v": "X"
          },
          {
            "n": "Y",
            "v": "Y"
          },
          {
            "n": "Z",
            "v": "Z"
          }
        ]
      },
      {
        "key": "by",
        "name": "By",
        "value": [
          {
            "n": "按最新",
            "v": "time"
          },
          {
            "n": "按最热",
            "v": "hits"
          },
          {
            "n": "按评分",
            "v": "score"
          }
        ]
      }
    ]
  }
}