{
  "name": "9亿资源",
  "tihuan": "cnzz.com",
  "url": "https://www.9eii.com",
  "shouye": "1",
  "fenlei": "热播剧集$/vodshow/zuijinrebodianshiju/page/#热播电影$/vodshow/zuijinrebodianying/page/#综艺$/vodshow/zongyi/page/#动漫$/vodshow/dongman/page/#国语配音电影$/vodshow/gypy/page/#国语配音剧集$/vodshow/guoyupeiyinhanju/page/#国语配音动漫$/vodshow/guoyupeiyindongman/page/#国产剧$/vodshow/lianxuju/area/中国大陆/page/#港剧$/vodshow/lianxuju/area/香港/page/#韩剧$/vodshow/lianxuju/area/韩国/page/#美剧$/vodshow/lianxuju/area/美国/page/#泰剧$/vodshow/lianxuju/area/泰国/page/#日剧$/vodshow/lianxuju/area/日本/page/#英剧$/vodshow/lianxuju/area/英国/page/",
  "houzhui": ".html",
  "shifouercijiequ": "0",
  "jiequqian": "空",
  "jiequhou": "空",
  "jiequshuzuqian": "class=\"myui-vodlist__box\"",
  "jiequshuzuhou": "</span>",
  "tupianqian": "original=\"",
  "tupianhou": "\"",
  "biaotiqian": "title=\"",
  "biaotihou": "\"",
  "lianjieqian": "href=\"",
  "lianjiehou": "\"",

  //新版Biubiu参数：副标题 (不需要的话，就不填写或者删除副标题2个字段也可以。)
  "fubiaotiqian": "",
  "fubiaotihou": "",

  "sousuoqian": "/index.php/ajax/suggest?mid=1&wd=",
  "sousuohou": "&limit=500",
  "sousuohouzhui": "/voddetail/",
  "ssmoshi": "0",
  "sousuoshifouercijiequ": "0",
  "jspic": "pic",
  "jsname": "name",
  "jsid": "id",
  "ssjiequqian": "空",
  "ssjiequhou": "空",
  "ssjiequshuzuqian": "空",
  "ssjiequshuzuhou": "空",
  "sstupianqian": "空",
  "sstupianhou": "空",
  "ssbiaotiqian": "空",
  "ssbiaotihou": "空",
  "sslianjieqian": "空",
  "sslianjiehou": "空",
  "bfshifouercijiequ": "0",
  "bfjiequqian": "空",
  "bfjiequhou": "空",
  "bfjiequshuzuqian": "id=\"playlist",
  "bfjiequshuzuhou": "</ul>",
  "zhuangtaiqian": "更新：</span>",
  "zhuangtaihou": "</p>",
  "daoyanqian": "导演：</span>",
  "daoyanhou": "</p>",
  "zhuyanqian": "主演：</span>",
  "zhuyanhou": "</p>",
  "juqingqian": "简介：</span>",
  "juqinghou": "<a",
  "bfyshifouercijiequ": "0",
  "bfyjiequqian": "空",
  "bfyjiequhou": "空",
  "bfyjiequshuzuqian": "<a",
  "bfyjiequshuzuhou": "/a>",
  "bfbiaotiqian": ">",
  "bfbiaotihou": "<",
  "bflianjieqian": "href=\"",
  "bflianjiehou": "\""
}
