{
  "name": "DJ音乐",
  "url": "http://www.djuu.com",
  "User": "空",
  "直接播放": "1",
  "横图显示": "0",
  "列表显示": "1",
  "fenlei": "热播$/search?musicname=热播&list=2&cid=0&page=#抖音热门$/search?musicname=%E6%8A%96%E9%9F%B3&list=2&cid=0&page=#经典旋律$/search?musicname=经典旋律&list=2&cid=0&page=#迪高串烧$/djlist/1_#喊麦串烧$/djlist/12_#中文串烧$/djlist/13_#外语串烧$/djlist/14_#中英串烧$/djlist/96_#慢摇串烧$/djlist/2_#喊麦串烧$/djlist/15_#Electro$/djlist/22_#ProgHouse$/djlist/26_#FunkyHouse$/djlist/99_#喊麦更多$/djlist/27_#慢摇中文串烧$/djlist/16_#慢歌串烧$/djlist/3_#中文Remix$/djlist/4_#外文Remix$/djlist/5_#越南鼓$/djlist/6_#酒吧风格$/djlist/7_#Mashup$/djlist/8_#中文DISCO$/djlist/9_#外文DISCO$/djlist/10_#交谊舞曲$/djlist/11_",
  "houzhui": ".html",
  "qishiye": "1",
  "shifouercijiequ": "0",
  "jiequqian": "空",
  "jiequhou": "空",
  "jiequshuzuqian": "class=\"isgood_list\">",
  "jiequshuzuhou": "</td>",
  "tupianqian": "img src=\"",
  "tupianhou": "\"",
  "tupianqianzhui": "http:",
  "fubiaotiqian": "class=\"sc_1\">TIME",
  "fubiaotihou": "</span>",
  "lianjieqian": "href=\"",
  "lianjiehou": "\"",
  "ljqianzhui": "空",
  "biaotiqian": "title=\"",
  "biaotihou": "\""
},
