{
  "name": "不开VIP",
  "url": "https://bukaivip1.com",
  "User": "User-Agent:Dart/2.14 (dart:io)",
  "shouye": "1",
  "fenlei": "电影$/index.php/vod/show/id/1/page/#连续剧$/index.php/vod/show/id/2/page/page/#综艺$/index.php/vod/show/id/3/page/#动漫$/index.php/vod/show/id/4/page/#纪录片$/index.php/vod/show/id/20/page/",
  "houzhui": ".html",
  "shifouercijiequ": "0",
  "jiequqian": "空",
  "jiequhou": "空",
  "jiequshuzuqian": "class=\"stui-vodlist__box\"",
  "jiequshuzuhou": "</span>",
  "tupianqian": "data-original=\"",
  "tupianhou": "\"",
  "biaotiqian": "title=\"",
  "biaotihou": "\"",
  "lianjieqian": "href=\"",
  "lianjiehou": "\"",

  //新版Biubiu参数：副标题 (不需要的话，就不填写或者删除副标题2个字段也可以。)
  "fubiaotiqian": "",
  "fubiaotihou": "",

  "sousuoqian": "/index.php/vod/search.html?wd=",
  "sousuohou": "&limit=500",
  "sousuohouzhui": "/index.php/vod/detail/id/",
  "ssmoshi": "1",
  "sousuoshifouercijiequ": "0",
  "jspic": "pic",
  "jsname": "name",
  "jsid": "id",
  "ssjiequqian": "空",
  "ssjiequhou": "空",
  "ssjiequshuzuqian": "class=\"thumb\"",
  "ssjiequshuzuhou": "</span>",
  "sstupianqian": "data-original=\"",
  "sstupianhou": "\"",
  "ssbiaotiqian": "title=\"",
  "ssbiaotihou": "\"",
  "sslianjieqian": "href=\"",
  "sslianjiehou": "\"",
  "bfshifouercijiequ": "0",
  "bfjiequqian": "空",
  "bfjiequhou": "空",
  "bfjiequshuzuqian": "class=\"stui-content__playlist clearfix",
  "bfjiequshuzuhou": "</ul>",
  "zhuangtaiqian": "class=\"pic-text text-right\">",
  "zhuangtaihou": "</span>",
  "daoyanqian": "导演：</span>",
  "daoyanhou": "</p>",
  "zhuyanqian": "主演：</span>",
  "zhuyanhou": "</p>",
  "juqingqian": "class=\"col-pd\">",
  "juqinghou": "</p>",
  "bfyshifouercijiequ": "0",
  "bfyjiequqian": "空",
  "bfyjiequhou": "空",
  "bfyjiequshuzuqian": "<a",
  "bfyjiequshuzuhou": "/a>",
  "bfbiaotiqian": ">",
  "bfbiaotihou": "<",
  "bflianjieqian": "href=\"",
  "bflianjiehou": "\""
}
