{
  "name": "周末电影",
  "url": "https://www.zzzlike.vip",
  "tihuan": "cnzz.com",
  "User": "空",
  "shouye": "1",
  "fenlei": "电视剧$/vodtype/2-#电影$/vodtype/1-#综艺$/vodtype/3-#动漫$/vodtype/4-",
  "houzhui": ".html",
  "shifouercijiequ": "0",
  "jiequqian": "空",
  "jiequhou": "空",
  "jiequshuzuqian": "class=\"stui-vodlist__box",
  "jiequshuzuhou": "</li>",
  "tupianqian": "data-original=\"",
  "tupianhou": "\"",
  "biaotiqian": "title=\"",
  "biaotihou": "\"",
  "lianjieqian": "href=\"",
  "lianjiehou": "\"",

  //新版Biubiu参数：副标题 (不需要的话，就不填写或者删除副标题2个字段也可以。)
  "fubiaotiqian": "",
  "fubiaotihou": "",

  "sousuoqian": "/vodsearch/-------------.html?wd=",
  "sousuohou": "&limit=500",
  "sousuohouzhui": "/voddetail/",
  "ssmoshi": "1",
  "sousuoshifouercijiequ": "0",
  "jspic": "空",
  "jsname": "空",
  "jsid": "空",
  "ssjiequqian": "空",
  "ssjiequhou": "空",
  "ssjiequshuzuqian": "class=\"thumb",
  "ssjiequshuzuhou": "</li>",
  "sstupianqian": "data-original=\"",
  "sstupianhou": "\"",
  "ssbiaotiqian": "title=\"",
  "ssbiaotihou": "\"",
  "sslianjieqian": "href=\"",
  "sslianjiehou": "\"",
  "bfshifouercijiequ": "0",
  "bfjiequqian": "空",
  "bfjiequhou": "空",
  "bfjiequshuzuqian": "class=\"stui-content__playlist clearfix",
  "bfjiequshuzuhou": "</ul>",
  "zhuangtaiqian": "class=\"pic-text text-right\">",
  "zhuangtaihou": "</span>",
  "daoyanqian": "导演：",
  "daoyanhou": "</p>",
  "zhuyanqian": "主演：",
  "zhuyanhou": "</p>",
  "juqingqian": "style=\"display: none;\">",
  "juqinghou": "</span>",
  "bfyshifouercijiequ": "0",
  "bfyjiequqian": "空",
  "bfyjiequhou": "空",
  "bfyjiequshuzuqian": "<li",
  "bfyjiequshuzuhou": "</li>",
  "bfbiaotiqian": "\">",
  "bfbiaotihou": "</a>",
  "bflianjieqian": "href=\"",
  "bflianjiehou": "\""
}
