{
  "name": "奇粹影院",
  "url": "http://www.ikuwoo.cn",
  "tihuan": "cnzz.com",
  "User": "空",
  "shouye": "1",
  "fenlei": "热播电影$/index.php/vod/show/by/hits/id/1/page/#热播剧集$/index.php/vod/show/by/hits/id/2/page/#热播综艺$/index.php/vod/show/by/hits/id/3/page/#动漫$/index.php/vod/show/id/4/page/",
  "houzhui": ".html",
  "shifouercijiequ": "1",
  "jiequqian": "module-page",
  //"jiequhou": "<div id=\"page\">",
  "jiequhou": "class=\"fixedGroup",
  "jiequshuzuqian": "<a",
  "jiequshuzuhou": "no-referrer",
  "tupianqian": "original=\"",
  "tupianhou": "\"",
  "biaotiqian": "title=\"",
  "biaotihou": "\"",
  "lianjieqian": "href=\"",
  "lianjiehou": "\"",

  //新版Biubiu参数：副标题 (不需要的话，就不填写或者删除副标题2个字段也可以。)
  "fubiaotiqian": "",
  "fubiaotihou": "",

  "sousuoqian": "/index.php/ajax/suggest?mid=1&wd=",
  "sousuohou": "&limit=500",
  "sousuohouzhui": "/index.php/vod/detail/id/",
  "ssmoshi": "0",
  "sousuoshifouercijiequ": "0",
  "jspic": "pic",
  "jsname": "name",
  "jsid": "id",
  "ssjiequqian": "空",
  "ssjiequhou": "空",
  "ssjiequshuzuqian": "空",
  "ssjiequshuzuhou": "空",
  "sstupianqian": "空",
  "sstupianhou": "空",
  "ssbiaotiqian": "空",
  "ssbiaotihou": "空",
  "sslianjieqian": "空",
  "sslianjiehou": "空",
  "bfshifouercijiequ": "0",
  "bfjiequqian": "空",
  "bfjiequhou": "空",
  "zhuangtaiqian": "更新：",
  "zhuangtaihou": "</div>",
  "daoyanqian": "导演：",
  "daoyanhou": "</div>",
  "zhuyanqian": "主演：",
  "zhuyanhou": "</div>",
  "juqingqian": "module-info-introduction-content\">",
  "juqinghou": "</p>",
  "bfjiequshuzuqian": "class=\"module-list",
  "bfjiequshuzuhou": "</div>",
  "bfyshifouercijiequ": "0",
  "bfyjiequqian": "空",
  "bfyjiequhou": "空",
  "bfyjiequshuzuqian": "<a",
  "bfyjiequshuzuhou": "/a>",
  "bfbiaotiqian": "<span>",
  "bfbiaotihou": "</span>",
  "bflianjieqian": "href=\"",
  "bflianjiehou": "\""
}
