{"name": "白熊影视",
"url": "https://www.bxyy5.com",
"tihuan": "",
"User": "空",
"shouye": "1",
"fenlei": "电视剧$/s/dianshiju-----------/page/#电影$/s/dianying-----------/page/#动漫$/s/dongman-----------/page/
#综艺$/s/zongyi-----------/page/#国产剧$/s/dianshiju-大陆----------/page/#韩剧$/s/hanju-----------/page/#美剧$/s/meiju-----------/page/#喜剧片$/s/dianying---喜剧--------/page/#爱情片$/s/dianying---爱情--------/page/#恐怖片$/s/dianying---恐怖--------/page/#动作片$/s/dianying---动作--------/page/#科幻片$/s/dianying---科幻--------/page/#剧情片$/s/dianying---剧情--------/page/#战争片$/s/dianying---战争--------/page/#奇幻片$/s/dianying---奇幻--------/page/#悬疑片$/s/dianying---悬疑--------/page/",
"houzhui": "---.html",
"shifouercijiequ": "0",
"jiequqian": "空",
"jiequhou": "空",
"jiequshuzuqian": "class=\"fed-list-item",
"jiequshuzuhou": "</span>",
"tupianqian": "data-original=\"",
"tupianhou": "\"",
"biaotiqian": "title=\"",
"biaotihou": "\"",
"lianjieqian": "href=\"",
"lianjiehou": "\"",
"sousuoqian": "/index.php/ajax/suggest?mid=1&wd=",
"sousuohou": "&limit=500",
"sousuohouzhui": "/wd/",
"ssmoshi": "0",
"sousuoshifouercijiequ": "0",
"jspic": "pic",
"jsname": "name",
"jsid": "id",
"ssjiequqian": "空",
"ssjiequhou": "空",
"ssjiequshuzuqian": "空",
"ssjiequshuzuhou": "空",
"sstupianqian": "空",
"sstupianhou": "空",
"ssbiaotiqian": "空",
"ssbiaotihou": "空",
"sslianjieqian": "空",
"sslianjiehou": "空",
"bfshifouercijiequ": "1",
"bfjiequqian": "视频排序：正序</a>",
"bfjiequhou": "</p>-->",
"bfjiequshuzuqian": "class=\"fed-part-rows\"",
"bfjiequshuzuhou": "</ul>",
"zhuangtaiqian": "更新：</span>",
"zhuangtaihou": "</li>",
"daoyanqian": "导演：</span>",
"daoyanhou": "</li>",
"zhuyanqian": "主演：</span>",
"zhuyanhou": "</li>",
"juqingqian": "<!--<p class=\"fed-padding fed-part-both fed-text-muted\">",
"juqinghou": "</p>-->",
"bfyshifouercijiequ": "0",
"bfyjiequqian": "空",
"bfyjiequhou": "空",
"bfyjiequshuzuqian": "<a",
"bfyjiequshuzuhou": "/a>",
"bfbiaotiqian": ">",
"bfbiaotihou": "<",
"bflianjieqian": "href=\"",
"bflianjiehou": "\""}