{"name": "蜂鸟",
"url": "https://wap.fnyy6.com",
"tihuan": "cnzz.com",
"User": "空",
"shouye": "1",
"fenlei": "电影$/vshow/dy--------#电视剧$/vshow/tv--------#综艺$/vshow/zy--------#动漫$/vshow/dm--------#国产剧$/vshow/guochan--------#港台剧$/vshow/gangtai--------#日韩剧$/vodshow/rihan--------#欧美剧$/vshow/oumei--------#动作片$/vshow/dongzuo--------#喜剧片$/vshow/xiju--------#爱情片$/vshow/aiqing--------#科幻片$/vshow/kehuan--------#恐怖片$/vshow/kongbu--------#剧情片$/vshow/juqing--------#战争片$/vshow/xhanzheng--------",
"houzhui": "---/",
"shifouercijiequ": "0",
"jiequqian": "空",
"jiequhou": "空",
"jiequshuzuqian": "class=\"fed-list-item",
"jiequshuzuhou": "</li>",
"tupianqian": "data-original=\"",
"tupianhou": "\"",
"biaotiqian": "\" >",
"biaotihou": "</a>",
"lianjieqian": "href=\"",
"lianjiehou": "\"",
"sousuoqian": "/index.php/ajax/suggest?mid=1&wd=",
"sousuohou": "&limit=500",
"sousuohouzhui": "/voddetail/",
"ssmoshi": "0",
"sousuoshifouercijiequ": "0",
"jspic": "pic",
"jsname": "name",
"jsid": "id",
"ssjiequqian": "空",
"ssjiequhou": "空",
"ssjiequshuzuqian": "",
"ssjiequshuzuhou": "",
"sstupianqian": "",
"sstupianhou": "",
"ssbiaotiqian": "",
"ssbiaotihou": "",
"sslianjieqian": "",
"sslianjiehou": "",
"bfshifouercijiequ": "1",
"bfjiequqian": "class=\"fed-drop-head fed-padding fed-part-rows\"",
"bfjiequhou": "</p>",
"bfjiequshuzuqian": "class=\"fed-part-rows\"",
"bfjiequshuzuhou": "</ul>",
"zhuangtaiqian": "class=\"fed-list-remarks fed-font-xii fed-text-white fed-text-center\">",
"zhuangtaihou": "</span>",
"daoyanqian": "导演：</span>",
"daoyanhou": "</a>",
"zhuyanqian": "主演：</span>",
"zhuyanhou": "</li>",
"juqingqian": "简介：</span>",
"juqinghou": "</div>",
"bfyshifouercijiequ": "0",
"bfyjiequqian": "空",
"bfyjiequhou": "空",
"bfyjiequshuzuqian": "<a",
"bfyjiequshuzuhou": "/a>",
"bfbiaotiqian": ">",
"bfbiaotihou": "<",
"bflianjieqian": "href=\"",
"bflianjiehou": "\""},