{
  "sites": [
    {
      "key": "csp_Kunyu77",
      "name": "🔥七七(SP)",
      "type": 3,
      "api": "csp_Kunyu77",
      "searchable": 1,
      "quickSearch": 1,
      "filterable": 1
    },
    {
      "key": "csp_LiteApple",
      "name": "🔥苹果(SP)",
      "type": 3,
      "api": "csp_LiteApple",
      "searchable": 1,
      "quickSearch": 1,
      "filterable": 1
    },
    {
      "key": "csp_Kmys",
      "name": "🔥酷猫(SP)",
      "type": 3,
      "api": "csp_Kmys",
      "searchable": 1,
      "quickSearch": 1,
      "filterable": 1
    },
    {
      "key": "csp_Gitcafe",
      "name": "🔥纸条(SP)",
      "type": 3,
      "api": "csp_Gitcafe",
      "searchable": 1,
      "quickSearch": 1,
      "filterable": 0,
      "ext":"http://111.67.193.163/TVbox/sub/token.txt"
    },
    {
      "key": "AliPS",
      "name": "🔥盘搜(SP)",
      "type": 3,
      "api": "csp_AliPS",
      "searchable": 1,
      "quickSearch": 1,
      "filterable": 1,
      "ext":"http://111.67.193.163/TVbox/sub/token.txt"
    },
    {
      "key": "zhaozy",
      "name": "🔥找资源(SP)",
      "type": 3,
      "api": "csp_Zhaozy",
      "searchable": 1,
      "quickSearch": 1,
      "filterable": 1,
      "ext":"http://111.67.193.163/TVbox/sub/token.txt"
    },
    {
      "key": "农民",
      "name": "🔥农民(SP)",
      "type": 3,
      "api": "csp_Nmys",
      "searchable": 1,
      "quickSearch": 1,
      "filterable": 1,
      "ext": "http://111.67.193.163/TVbox/XP/nmys.json"
    },
    {
      "key": "Lezhu_spider",
      "name": "🔥乐猪(SP)",
      "type": 3,
      "api": "csp_Lezhu",
      "searchable": 1,
      "quickSearch": 1,
      "filterable": 1
    },
    {
      "key": "csp_AppYsV2",
      "name": "🔥优众(SP)",
      "type": 3,
      "api": "csp_AppYsV2",
      "searchable": 1,
      "quickSearch": 1,
      "filterable": 1,
      "ext": "http://121.205.88.178:8090/xgapp.php/v2/"
    },

    {
      "key": "KanSJ_spider",
      "name": "🔥视界(SP)",
      "type": 3,
      "api": "csp_KanSJ",
      "searchable": 1,
      "quickSearch": 1,
      "filterable": 1
    },
    {
      "key": "Ekan_spider",
      "name": "🔥E看(SP)",
      "type": 3,
      "api": "csp_Ekan",
      "searchable": 1,
      "quickSearch": 1,
      "filterable": 1
    },
    {
      "key": "csp_Wmkk",
      "name": "🔥完美(SP)",
      "type": 3,
      "api": "csp_Wmkk",
      "searchable": 1,
      "quickSearch": 1,
      "filterable": 1
    },
    {
      "key": "3EDY",
      "name": "🔥3EDY(EXO)",
      "type": 3,
      "api": "csp_EEEDY",
      "searchable": 1,
      "quickSearch": 1,
      "filterable": 1
    },
    {
      "key": "csp_Kuaikan",
      "name": "🔥快看(SP)",
      "type": 3,
      "api": "csp_Kuaikan",
      "searchable": 1,
      "quickSearch": 1,
      "filterable": 1
    },
    {
      "key": "csp_IKan",
      "name": "🔥爱看(SP)",
      "type": 3,
      "api": "csp_IKan",
      "searchable": 1,
      "quickSearch": 1,
      "filterable": 1
    },
    {
      "key": "zxzj",
      "name": "🔥在线(SP)",
      "type": 3,
      "api": "csp_Zxzj",
      "searchable": 1,
      "quickSearch": 1,
      "filterable": 1
    },


    {
      "key": "bili",
      "name": "🔥哔哩(SP)",
      "type": 3,
      "api": "csp_JustLive",
      "searchable": 1,
      "quickSearch": 1,
      "filterable": 1,
      "ext": "bilibili"
    },
    {
      "key": "虎牙",
      "name": "🔥虎牙(SP)",
      "type": 3,
      "api": "csp_JustLive",
      "searchable": 1,
      "quickSearch": 1,
      "filterable": 1,
      "ext": "huya"
    },

    {
      "key": "cc",
      "name": "🔥网易(SP)",
      "type": 3,
      "api": "csp_JustLive",
      "searchable": 1,
      "quickSearch": 1,
      "filterable": 1,
      "ext": "cc"
    },
    {
      "key": "斗鱼",
      "name": "🔥斗鱼(SP)",
      "type": 3,
      "api": "csp_JustLive",
      "searchable": 1,
      "quickSearch": 1,
      "filterable": 1,
      "ext": "douyu"
    },
    {
      "key": "稀饭影视",
      "name": "🔥稀饭(SP)",
      "type": 3,
      "api": "csp_Xifanys",
      "searchable": 1,
      "quickSearch": 1,
      "filterable": 1
    },
    {
      "key": "影视工厂",
      "name": "🔥工厂(SP)",
      "type": 3,
      "api": "csp_Ysgc",
      "searchable": 1,
      "quickSearch": 1,
      "filterable": 1
    },
    {
      "key": "剧荒TV",
      "name": "🔥剧荒(SP)",
      "type": 3,
      "api": "csp_Juhuang",
      "searchable": 1,
      "quickSearch": 1,
      "filterable": 1
    },
    {
      "key": "神马电影",
      "name": "🔥神马(SP)",
      "type": 3,
      "api": "csp_Smdyy",
      "searchable": 1,
      "quickSearch": 1,
      "filterable": 1
    },
    {
      "key": "csp_DiDuan",
      "name": "🔥低端(SP)",
      "type": 3,
      "api": "csp_Ddrk",
      "searchable": 1,
      "quickSearch": 1,
      "filterable": 1
    },
    {
      "key": "追剧喵",
      "name": "🔥追喵(SP)",
      "type": 3,
      "api": "csp_Zjmiao",
      "searchable": 1,
      "quickSearch": 1,
      "filterable": 1
    },
    {
      "key": "csp_Bttoo",
      "name": "🔥俩BT(SP)",
      "type": 3,
      "api": "csp_Bttoo",
      "searchable": 1,
      "quickSearch": 1,
      "filterable": 1
    },
    {
      "key": "csp_CZSPP",
      "name": "🔥厂长(SP)",
      "type": 3,
      "api": "csp_Czsapp",
      "searchable": 1,
      "quickSearch": 1,
      "filterable": 1
    },
    {
      "key": "图图",
      "name": "🔥图图(SP)",
      "type": 3,
      "api": "csp_AppTT",
      "searchable": 1,
      "quickSearch": 1,
      "filterable": 1
    },
    {
      "key": "蓝光",
      "name": "🔥蓝光(SP)",
      "type": 3,
      "api": "csp_Lgyy",
      "searchable": 1,
      "quickSearch": 1,
      "filterable": 1
    },
    {
      "key": "巴士",
      "name": "🔥巴士(SP)",
      "type": 3,
      "api": "csp_Dm84",
      "searchable": 1,
      "quickSearch": 1,
      "filterable": 1
    },
    {
      "key": "9E03",
      "name": "🔥9E03(SP)",
      "type": 3,
      "api": "csp_AppYsV2",
      "searchable": 1,
      "quickSearch": 1,
      "filterable": 1,
      "ext": "https://vod.9e03.com/lvdou_api.php/v1.vod"
    },
    {
      "key": "csp_TKY",
      "name": "🔥天空(SP)",
      "type": 3,
      "api": "csp_Tkys",
      "searchable": 1,
      "quickSearch": 1,
      "filterable": 1
    },
    {
      "key": "csp_Mjxq",
      "name": "🔥美剧(SP)",
      "type": 3,
      "api": "csp_Mjxq",
      "searchable": 1,
      "quickSearch": 1,
      "filterable": 1
    },
    {
      "key": "Lib",
      "name": "🔥Libvi(SP)",
      "type": 3,
      "api": "csp_Lib",
      "searchable": 1,
      "quickSearch": 1,
      "filterable": 1
    },
    {
      "key": "csp_Auete",
      "name": "🔥Auete(SP)",
      "type": 3,
      "api": "csp_Auete",
      "searchable": 1,
      "quickSearch": 1,
      "filterable": 1
    },
    {
      "key": "csp_Cokemv",
      "name": "🔥Cokem(SP)",
      "type": 3,
      "api": "csp_Cokemv",
      "searchable": 1,
      "quickSearch": 1,
      "filterable": 1
    },
        {
      "key": "csp_Xxys",
      "name": "🔥小熊(SP)",
      "type": 3,
      "api": "csp_Xxys",
      "searchable": 1,
      "quickSearch": 1,
      "filterable": 1
    },
       {
      "key": "csp_Nfyun",
      "name": "🔥奈菲(SP)",
      "type": 3,
      "api": "csp_Nfyun",
      "searchable": 1,
      "quickSearch": 1,
      "filterable": 1
    },
    {
      "key": "哔嘀",
      "name": "🔥哔嘀(磁)",
      "type": 3,
      "api": "csp_Bde4",
      "searchable": 1,
      "quickSearch": 1,
      "filterable": 1
    },
    {
      "key": "push_agent",
      "name": "🔥推送",
      "type": 3,
      "api": "csp_PushAgent",
      "searchable": 0,
      "quickSearch": 0,
      "filterable": 0,
      "ext":"http://111.67.193.163/TVbox/sub/token.txt"
    },
    {
      "key": "csp_SP360",
      "name": "🔥360(SP)",
      "type": 3,
      "api": "csp_SP360",
      "searchable": 1,
      "quickSearch": 1,
      "filterable": 1
    },
    {"key":"SP2345",
     "name":"🔥2345(SP)",
     "type":3,
     "api":"csp_SP2345",
     "searchable":1,
     "quickSearch":1,
     "filterable":1
     },
    {
      "key": "csp_QQ",
      "name": "🔥腾讯(SP)",
      "type": 3,
      "api": "csp_QQ",
      "searchable": 1,
      "quickSearch": 1,
      "filterable": 1
    },
    {
      "key": "csp_MGTV",
      "name": "🔥芒果(SP)",
      "type": 3,
      "api": "csp_MGTV",
      "searchable": 1,
      "quickSearch": 1,
      "filterable": 1
    },
    {
      "key": "csp_IQIYI",
      "name": "🔥奇艺(SP)",
      "type": 3,
      "api": "csp_IQIYI",
      "searchable": 1,
      "quickSearch": 1,
      "filterable": 1
    },
    {
      "key": "优酷(官源)",
      "name": "🔥优酷(官)",
      "type": 0,
      "api": "https://www.bajiezy.xyz/api.php/provide/vod/from/youku/at/xml/",
      "searchable": 1,
      "quickSearch": 1,
      "filterable": 1,
      "categories": [
        "动画片",
        "国产剧",
        "动漫",
        "动作片",
        "喜剧片",
        "爱情片",
        "科幻片",
        "恐怖片",
        "剧情片",
        "战争片",
        "港台剧",
        "综艺",
        "日韩剧",
        "欧美剧",
        "惊悚片",
        "犯罪片",
        "冒险片",
        "悬疑片",
        "武侠片",
        "少儿",
        "奇幻片",
        "其他片",
        "其他剧"
      ]
    },
    {
      "key": "PPTV(官源)",
      "name": "🔥PPTV(官)",
      "type": 0,
      "api": "https://www.bajiezy.xyz/api.php/provide/vod/from/pptv/at/xml/",
      "searchable": 1,
      "quickSearch": 1,
      "filterable": 1,
      "categories": [
        "动画片",
        "国产剧",
        "动漫",
        "动作片",
        "喜剧片",
        "爱情片",
        "科幻片",
        "恐怖片",
        "剧情片",
        "战争片",
        "港台剧",
        "综艺",
        "日韩剧",
        "欧美剧",
        "惊悚片",
        "犯罪片",
        "冒险片",
        "悬疑片",
        "武侠片",
        "少儿",
        "奇幻片",
        "其他片",
        "其他剧"
      ]
    },
    {
      "key": "so",
      "name": "🔥搜狐(官)",
      "type": 0,
      "api": "http://www.zycaiji.net:7788/api.php/provide/vod/from/sohu/at/xml/",
      "searchable": 1,
      "quickSearch": 1,
      "filterable": 0,
      "categories": [
        "国产剧",
        "港台剧",
        "日韩剧",
        "欧美剧",
        "动作片",
        "喜剧片",
        "爱情片",
        "科幻片",
        "恐怖片",
        "剧情片",
        "战争片",
        "惊悚片",
        "犯罪片",
        "冒险片",
        "悬疑片",
        "动画片",
        "武侠片",
        "奇幻片",
        "综艺",
        "动漫",
        "少儿",
        "其他片",
        "其他剧"
      ]
    },
    {
      "key": "Bili",
      "name": "🔥B站(SP)",
      "type": 3,
      "api": "csp_Bili",
      "searchable": 1,
      "quickSearch": 1,
      "filterable": 1,
      "ext": "http://111.67.193.163/TVbox/sub/Bili.json"
    },

    {
      "key": "泥巴",
      "name": "🔥泥巴(墙)",
      "type": 3,
      "api": "csp_Nbys",
      "searchable": 1,
      "quickSearch": 1,
      "filterable": 1
    },
    {
      "key": "If101",
      "name": "🔥If101(墙)",
      "type": 3,
      "api": "csp_If101",
      "searchable": 1,
      "quickSearch": 1,
      "filterable": 1
    },
    {
      "key": "小宝影院",
      "name": "🔥小宝(墙)",
      "type": 3,
      "api": "csp_Xiaoh",
      "searchable": 1,
      "quickSearch": 1,
      "filterable": 1
    },
    {
      "key": "Olevod",
      "name": "🔥Olevod(墙)",
      "type": 3,
      "api": "csp_Olevod",
      "searchable": 1,
      "quickSearch": 1,
      "filterable": 1
    },
    {
      "key": "球迷",
      "name": "🔥球迷(XP)",
      "type": 3,
      "api": "csp_XPathMacFilter",
      "searchable": 1,
      "quickSearch": 1,
      "filterable": 1,
      "ext": "http://111.67.193.163/TVbox/XP/516-qiumi.js"
    },
    {
      "key": "csp_xpath_kuqimv",
      "name": "🔥酷奇(XP)",
      "type": 3,
      "api": "csp_XPath",
      "searchable": 1,
      "quickSearch": 1,
      "filterable": 1,
      "ext": "http://111.67.193.163/TVbox/XP/kuqimv.json"
    },
    {
      "key": "csp_xpath_lezhutv",
      "name": "🌀乐猪TV(XP)",
      "type": 3,
      "api": "csp_XPathMac",
      "searchable": 1,
      "quickSearch": 1,
      "filterable": 0,
      "ext": "http://111.67.193.163/TVbox/XP/lezhutv.json"
    },
    {
      "key": "csp_xpath_喵乐",
      "name": "🌀喵乐(XP)",
      "type": 3,
      "api": "csp_XPathMacFilter",
      "searchable": 1,
      "quickSearch": 1,
      "filterable": 0,
      "ext": "http://111.67.193.163/TVbox/XP/喵乐.json"
    },
    {
      "key": "csp_biubiu_米来影视",
      "name": "🌀米来(XP)",
      "type": 3,
      "api": "csp_XPath",
      "searchable": 1,
      "quickSearch": 1,
      "filterable": 1,
      "ext": "http://111.67.193.163/TVbox/XP/qdytv.json"
    },
    {
      "key": "csp_xpath_bttwoo",
      "name": "🌀两个BT(XP)",
      "type": 3,
      "api": "csp_XPathMacFilter",
      "searchable": 1,
      "quickSearch": 1,
      "filterable": 1,
      "ext": "http://111.67.193.163/TVbox/XP/bttwoo.json"
    },
    {
      "key": "csp_xpath_tjyy",
      "name": "🌀奇优(XP)",
      "type": 3,
      "api": "csp_XPathMac",
      "searchable": 1,
      "quickSearch": 1,
      "filterable": 1,
      "ext": "http://111.67.193.163/TVbox/XP/huigutongying.json"
    },
    {
      "key": "csp_xpath_saohuotv",
      "name": "🌀骚火(XP)",
      "type": 3,
      "api": "csp_XPath",
      "searchable": 1,
      "quickSearch": 1,
      "filterable": 0,
      "ext": "http://111.67.193.163/TVbox/XP/saohuotv2.json"
    },
    {
      "key": "csp_xpath_zxzj2",
      "name": "🌀在线(XP)",
      "type": 3,
      "api": "csp_XPathFilter",
      "searchable": 1,
      "quickSearch": 1,
      "filterable": 1,
      "ext": "http://111.67.193.163/TVbox/XP/zxzj2.json"
    },
    {
      "key": "csp_xpath_xuangz",
      "name": "🌀尘落(XP)",
      "type": 3,
      "api": "csp_XPath",
      "searchable": 1,
      "quickSearch": 1,
      "filterable": 1,
      "ext": "http://111.67.193.163/TVbox/XP/xuangz.json"
    },
    {
      "key": "csp_xpath_6d",
      "name": "🌀六度(XP)",
      "type": 3,
      "api": "csp_XPathFilter",
      "searchable": 1,
      "quickSearch": 1,
      "filterable": 1,
      "ext": "http://111.67.193.163/TVbox/XP/6d.json"
    },
    {
      "key": "csp_xpath_ddg",
      "name": "🌀达达龟(XP)",
      "type": 3,
      "api": "csp_XPathMacFilter",
      "searchable": 1,
      "quickSearch": 1,
      "filterable": 1,
      "ext": "http://111.67.193.163/TVbox/XP/dadagui.json"
    },
    {
      "key": "csp_xpath_lranc",
      "name": "🌀天天(XP)",
      "type": 3,
      "api": "csp_XPathMacFilter",
      "searchable": 1,
      "quickSearch": 1,
      "filterable": 1,
      "ext": "http://111.67.193.163/TVbox/XP/lranc.json"
    },
    {
      "key": "csp_xpath_doujiaow",
      "name": "🌀豆角网(XP)",
      "type": 3,
      "api": "csp_XPathMac",
      "searchable": 1,
      "quickSearch": 1,
      "filterable": 0,
      "ext": "http://111.67.193.163/TVbox/XP/doujiaow.json"
    },
    {
      "key": "csp_xpath_dm84",
      "name": "🌀动漫巴士(XP)",
      "type": 3,
      "api": "csp_XPathFilter",
      "searchable": 1,
      "quickSearch": 1,
      "filterable": 0,
      "ext": "http://111.67.193.163/TVbox/XP/dm84.json"
    },
    {
      "key": "csp_biubiu_乐猪影视",
      "name": "🐛乐猪影视(XB)",
      "type": 3,
      "api": "csp_XBiubiu",
      "searchable": 1,
      "quickSearch": 1,
      "filterable": 1,
      "ext": "http://111.67.193.163/TVbox/XB/乐猪影视.json"
    },
    {
      "key": "csp_biubiu_voflix",
      "name": "🐛voflix(XB)",
      "type": 3,
      "api": "csp_XBiubiu",
      "searchable": 1,
      "quickSearch": 1,
      "filterable": 0,
      "ext": "{\r\n  \"name\": \"voflix\",\r\n  \"url\": \"https://www.voflix.com/\",\r\n  \"User\": \"空\",\r\n  \"shouye\": \"1\",\r\n  \"fenlei\": \"电影$/show/1-----------#国产剧$/show/13-----------#电视剧$/show/2-----------#综艺$/show/3-----------#动画$/show/4-----------\",\r\n  \"houzhui\": \".html\",\r\n  \"shifouercijiequ\": \"1\",\r\n  \"jiequqian\": \"module-page\",\r\n  \"jiequhou\": \"class=\\\"fixedGroup\",\r\n  \"jiequshuzuqian\": \"<a\",\r\n  \"jiequshuzuhou\": \"no-referrer\",\r\n  \"tupianqian\": \"original=\\\"\",\r\n  \"tupianhou\": \"\\\"\",\r\n  \"biaotiqian\": \"title=\\\"\",\r\n  \"biaotihou\": \"\\\"\",\r\n  \"lianjieqian\": \"href=\\\"\",\r\n  \"lianjiehou\": \"\\\"\",\r\n  \"sousuoqian\": \"/index.php/ajax/suggest?mid=1&wd=\",\r\n  \"sousuohou\": \"&limit=500\",\r\n  \"sousuohouzhui\": \"/detail/\",\r\n  \"ssmoshi\": \"0\",\r\n  \"sousuoshifouercijiequ\": \"0\",\r\n  \"jspic\": \"pic\",\r\n  \"jsname\": \"name\",\r\n  \"jsid\": \"id\",\r\n  \"ssjiequqian\": \"空\",\r\n  \"ssjiequhou\": \"空\",\r\n  \"ssjiequshuzuqian\": \"空\",\r\n  \"ssjiequshuzuhou\": \"空\",\r\n  \"sstupianqian\": \"空\",\r\n  \"sstupianhou\": \"空\",\r\n  \"ssbiaotiqian\": \"空\",\r\n  \"ssbiaotihou\": \"空\",\r\n  \"sslianjieqian\": \"空\",\r\n  \"sslianjiehou\": \"空\",\r\n  \"bfshifouercijiequ\": \"0\",\r\n  \"bfjiequqian\": \"空\",\r\n  \"bfjiequhou\": \"空\",\r\n  \"zhuangtaiqian\": \"更新：\",\r\n  \"zhuangtaihou\": \"</div>\",\r\n  \"daoyanqian\": \"导演：\",\r\n  \"daoyanhou\": \"</div>\",\r\n  \"zhuyanqian\": \"主演：\",\r\n  \"zhuyanhou\": \"</div>\",\r\n  \"juqingqian\": \"简介：\",\r\n  \"juqinghou\": \"/div>\",\r\n  \"bfjiequshuzuqian\": \"class=\\\"module-list\",\r\n  \"bfjiequshuzuhou\": \"</div>\",\r\n  \"bfyshifouercijiequ\": \"0\",\r\n  \"bfyjiequqian\": \"空\",\r\n  \"bfyjiequhou\": \"空\",\r\n  \"bfyjiequshuzuqian\": \"<a\",\r\n  \"bfyjiequshuzuhou\": \"/a>\",\r\n  \"bfbiaotiqian\": \"<span>\",\r\n  \"bfbiaotihou\": \"</span>\",\r\n  \"bflianjieqian\": \"href=\\\"\",\r\n  \"bflianjiehou\": \"\\\"\"\r\n}\r\n"
    },
    {
      "key": "csp_biubiu_搜狗影院",
      "name": "🐛搜狗影院(XB)",
      "type": 3,
      "api": "csp_XBiubiu",
      "searchable": 1,
      "quickSearch": 1,
      "filterable": 0,
      "ext": "{\"name\": \"搜狗影院\",\r\n\"url\": \"http://sogouyy.cn\",\r\n\"tihuan\": \"cnzz.com\",\r\n\"User\": \"空\",\r\n\"fenlei\": \"电影$/s/dianying/page/#电视剧$/s/dianshiju/page/#综艺$/s/zongyi/page/#动漫$/s/dianying/page/#B站$/s/bilibili/page/\",\r\n\"houzhui\": \"---.html\",\r\n\"shifouercijiequ\": \"1\",\r\n\"jiequqian\": \"class=\\\"module-items\",\r\n\"jiequhou\": \"<div id=\\\"page\",\r\n\"jiequshuzuqian\": \"<div class=\\\"module-item\\\">\",\r\n\"jiequshuzuhou\": \"</div>\",\r\n\"tupianqian\": \"src=\\\"\",\r\n\"tupianhou\": \"\\\"\",\r\n\"biaotiqian\": \"title=\\\"\",\r\n\"biaotihou\": \"\\\"\",\r\n\"lianjieqian\": \"href=\\\"\",\r\n\"lianjiehou\": \"\\\"\",\r\n\"sousuoqian\": \"/index.php/ajax/suggest?mid=1&wd=\",\r\n\"sousuohou\": \"&limit=500\",\r\n\"sousuohouzhui\": \"/d/\",\r\n\"ssmoshi\": \"0\",\r\n\"sousuoshifouercijiequ\": \"0\",\r\n\"jspic\": \"pic\",\r\n\"jsname\": \"name\",\r\n\"jsid\": \"id\",\r\n\"ssjiequqian\": \"空\",\r\n\"ssjiequhou\": \"空\",\r\n\"ssjiequshuzuqian\": \"空\",\r\n\"ssjiequshuzuhou\": \"空\",\r\n\"sstupianqian\": \"空\",\r\n\"sstupianhou\": \"空\",\r\n\"ssbiaotiqian\": \"空\",\r\n\"ssbiaotihou\": \"空\",\r\n\"sslianjieqian\": \"空\",\r\n\"sslianjiehou\": \"空\",\r\n\"bfshifouercijiequ\": \"0\",\r\n\"bfjiequqian\": \"空\",\r\n\"bfjiequhou\": \"空\",\r\n\"bfjiequshuzuqian\": \"class=\\\"sort-item\\\"\",\r\n\"bfjiequshuzuhou\": \"</div>\",\r\n\"zhuangtaiqian\": \"集数：</span>\",\r\n\"zhuangtaihou\": \"</div>\",\r\n\"daoyanqian\": \"导演：</span>\",\r\n\"daoyanhou\": \"</div>\",\r\n\"zhuyanqian\": \"主演：</span>\",\r\n\"zhuyanhou\": \"</div>\",\r\n\"juqingqian\": \"class=\\\"video-info-item video-info-content vod_content\\\">\",\r\n\"juqinghou\": \"<a\",\r\n\"bfyshifouercijiequ\": \"0\",\r\n\"bfyjiequqian\": \"空\",\r\n\"bfyjiequhou\": \"空\",\r\n\"bfyjiequshuzuqian\": \"<a\",\r\n\"bfyjiequshuzuhou\": \"/a>\",\r\n\"bfbiaotiqian\": \"<span>\",\r\n\"bfbiaotihou\": \"<\",\r\n\"bflianjieqian\": \"href=\\\"\",\r\n\"bflianjiehou\": \"\\\"\"}"
    },
    {
      "key": "csp_biubiu_hdmoli",
      "name": "🐛hdmoli(XB)",
      "type": 3,
      "api": "csp_XBiubiu",
      "searchable": 1,
      "quickSearch": 1,
      "filterable": 1,
      "ext": "http://111.67.193.163/TVbox/XB/hdmoli.json"
    },
    {
      "key": "csp_biubiu_花猫TV",
      "name": "🐛花猫TV(XB)",
      "type": 3,
      "api": "csp_XBiubiu",
      "searchable": 1,
      "quickSearch": 1,
      "filterable": 0,
      "ext": "http://111.67.193.163/TVbox/XB/花猫TV.json"
    },
    {
      "key": "csp_biubiu_完美看看",
      "name": "🐛完美看看(XB)",
      "type": 3,
      "api": "csp_XBiubiu",
      "searchable": 1,
      "quickSearch": 1,
      "filterable": 0,
      "ext": "http://111.67.193.163/TVbox/XB/完美看看影视.json"
    },
    {
      "key": "csp_biubiu_真不卡",
      "name": "🐛真不卡(XB)",
      "type": 3,
      "api": "csp_XBiubiu",
      "searchable": 1,
      "quickSearch": 1,
      "filterable": 0,
      "ext": "http://111.67.193.163/TVbox/XB/真不卡影院.json"
    },
    {
      "key": "csp_biubiu_蓝莓影视",
      "name": "🐛蓝莓影视(XB)",
      "type": 3,
      "api": "csp_XBiubiu",
      "searchable": 1,
      "quickSearch": 1,
      "filterable": 0,
      "ext": "http://111.67.193.163/TVbox/XB/蓝莓影视.json"
    },
    {
      "key": "csp_biubiu_555电影",
      "name": "🐛555电影(XB)",
      "type": 3,
      "api": "csp_XBiubiu",
      "searchable": 1,
      "quickSearch": 1,
      "filterable": 0,
      "ext": "http://111.67.193.163/TVbox/XB/555电影.json"
    },
    {
      "key": "csp_biubiu_在线之家",
      "name": "🐛在线之家(XB)",
      "type": 3,
      "api": "csp_XBiubiu",
      "searchable": 1,
      "quickSearch": 1,
      "filterable": 0,
      "ext": "http://111.67.193.163/TVbox/XB/在线之家.json"
    },
    {
      "key": "csp_biubiu_小强迷",
      "name": "🐛小强迷(XB)",
      "type": 3,
      "api": "csp_XBiubiu",
      "searchable": 1,
      "quickSearch": 1,
      "filterable": 0,
      "ext": "http://111.67.193.163/TVbox/XB/小强迷.json"
    },
    {
      "key": "csp_biubiu_奈落影院",
      "name": "🐛奈落影院(XB)",
      "type": 3,
      "api": "csp_XBiubiu",
      "searchable": 1,
      "quickSearch": 1,
      "filterable": 0,
      "ext": "http://111.67.193.163/TVbox/XB/奈落影院.json"
    },
    {
      "key": "csp_biubiu_厂长资源-蓝光",
      "name": "🐛厂长(XB)",
      "type": 3,
      "api": "csp_XBiubiu",
      "searchable": 0,
      "quickSearch": 0,
      "filterable": 0,
      "ext": "http://111.67.193.163/TVbox/XB/厂长资源-蓝光.json"
    },
    {
      "key": "csp_biubiu_骚火电影",
      "name": "🐛骚火电影(XB)",
      "type": 3,
      "api": "csp_XBiubiu",
      "searchable": 1,
      "quickSearch": 1,
      "filterable": 1,
      "ext": "http://111.67.193.163/TVbox/XB/骚火电影.json"
    },
    {
      "key": "csp_biubiu_剧白白-蓝光",
      "name": "🐛剧白白(XB)",
      "type": 3,
      "api": "csp_XBiubiu",
      "searchable": 1,
      "quickSearch": 1,
      "filterable": 0,
      "ext": "http://111.67.193.163/TVbox/XB/剧白白-蓝光.json"
    },
    {
      "key": "csp_biubiu_LIBVIO",
      "name": "🐛LIBVIO(XB)",
      "type": 3,
      "api": "csp_XBiubiu",
      "searchable": 1,
      "quickSearch": 1,
      "filterable": 1,
      "ext": "http://111.67.193.163/TVbox/XB/LIBVIO.json"
    },
    {
      "key": "csp_biubiu_口袋影院",
      "name": "🐛口袋影院(XB)",
      "type": 3,
      "api": "csp_XBiubiu",
      "searchable": 1,
      "quickSearch": 1,
      "filterable": 0,
      "ext": "http://111.67.193.163/TVbox/XB/口袋影院.json"
    },
    {
      "key": "csp_biubiu_鸭奈飞",
      "name": "🐛鸭奈飞(XB)",
      "type": 3,
      "api": "csp_XBiubiu",
      "searchable": 1,
      "quickSearch": 1,
      "filterable": 0,
      "ext": "http://111.67.193.163/TVbox/XB/鸭奈飞.json"
    },
    {
      "key": "csp_biubiu_F7好看剧",
      "name": "🐛F7好看剧(XB)",
      "type": 3,
      "api": "csp_XBiubiu",
      "searchable": 1,
      "quickSearch": 1,
      "filterable": 0,
      "ext": "http://111.67.193.163/TVbox/XB/F7好看剧.json"
    },
    {
      "key": "csp_biubiu_白熊",
      "name": "🐛白熊影院(XB)",
      "type": 3,
      "api": "csp_XBiubiu",
      "searchable": 1,
      "quickSearch": 1,
      "filterable": 1,
      "ext": "http://111.67.193.163/TVbox/XB/白熊.json"
    },
    {
      "key": "csp_biubiu_蜂鸟",
      "name": "🐛蜂鸟影院(XB)",
      "type": 3,
      "api": "csp_XBiubiu",
      "searchable": 1,
      "quickSearch": 1,
      "filterable": 1,
      "ext": "http://111.67.193.163/TVbox/XB/蜂鸟.json"
    },
    {
      "key": "csp_biubiu_瓜皮TV",
      "name": "🐛瓜皮TV(XB)",
      "type": 3,
      "api": "csp_XBiubiu",
      "searchable": 1,
      "quickSearch": 1,
      "filterable": 0,
      "ext": "http://111.67.193.163/TVbox/XB/瓜皮TV.json"
    },
    {
      "key": "诺讯资源",
      "name": "🐌诺讯",
      "type": 1,
      "api": "http://caiji.nxflv.com/api.php/provide/vod/",
      "searchable": 1,
      "quickSearch": 1,
      "filterable": 1,
      "categories": [
        "国产剧",
        "综合频道",
        "综艺频道",
        "动漫频道",
        "动作片",
        "喜剧片",
        "爱情片",
        "科幻片",
        "恐怖片",
        "剧情片",
        "战争片",
        "港台剧",
        "日韩剧",
        "惊悚片",
        "犯罪片",
        "冒险片",
        "悬疑片",
        "动画片",
        "武侠片",
        "奇幻片",
        "纪录片"
      ]
    },
    {
      "key": "会员采集",
      "name": "🐌南府",
      "type": 1,
      "api": "http://caiji.nxflv.com/api.php/provide/vod/",
      "searchable": 1,
      "quickSearch": 1,
      "filterable": 1,
      "categories": [
        "国产剧",
        "综合频道",
        "综艺频道",
        "动漫频道",
        "动作片",
        "喜剧片",
        "爱情片",
        "科幻片",
        "恐怖片",
        "剧情片",
        "战争片",
        "港台剧",
        "日韩剧",
        "惊悚片",
        "犯罪片",
        "冒险片",
        "悬疑片",
        "动画片",
        "武侠片",
        "奇幻片",
        "纪录片"
      ]
    },
    {
      "key": "天堂资源",
      "name": "🐌天堂",
      "type": 1,
      "api": "http://vipmv.cc/api.php/provide/vod/",
      "searchable": 1,
      "quickSearch": 1,
      "filterable": 0
    },
    {
      "key": "无名资源",
      "name": "🐌无名",
      "type": 1,
      "api": "http://anltv.cn/api.php/provide/vod/?ac=list",
      "searchable": 1,
      "quickSearch": 1,
      "filterable": 1,
      "categories": [
        "国产剧",
        "综艺",
        "动漫",
        "动作片",
        "喜剧片",
        "爱情片",
        "科幻片",
        "恐怖片",
        "剧情片",
        "战争片",
        "惊悚片",
        "犯罪片",
        "冒险片",
        "悬疑片",
        "动画片",
        "武侠片",
        "奇幻片",
        "纪录片",
        "港台剧",
        "日韩剧",
        "欧美剧",
        "电影（B站）",
        "电视剧（B站）",
        "番剧（B站）",
        "国创（B站）"
      ]
    },
    {
      "key": "m3u8资源",
      "name": "🐌m3u8资源",
      "type": 1,
      "api": "http://www.zycaiji.net:7788/api.php/provide/vod/?ac=list",
      "searchable": 1,
      "quickSearch": 1,
      "filterable": 1,
      "categories": [
        "国产剧",
        "综艺",
        "动漫",
        "动作片",
        "喜剧片",
        "爱情片",
        "科幻片",
        "恐怖片",
        "剧情片",
        "战争片",
        "港台剧",
        "日韩剧",
        "惊悚片",
        "犯罪片",
        "冒险片",
        "悬疑片",
        "动画片",
        "武侠片",
        "奇幻片",
        "纪录片"
      ]
    },
    {
      "key": "NETFLIXMI",
      "name": "🐌奈飞",
      "type": 1,
      "api": "http://shdmv.com/api.php/provide/vod/?ac=list",
      "searchable": 1,
      "quickSearch": 1,
      "filterable": 0,
      "categories": [
        "欧美剧",
        "国产剧",
        "动作片",
        "喜剧片",
        "爱情片",
        "科幻片",
        "恐怖片",
        "剧情片",
        "战争片",
        "港台剧",
        "日韩剧",
        "综艺",
        "动漫"
      ]
    },
    {
      "key": "千寻影视",
      "name": "🐌千寻",
      "type": 1,
      "api": "http://wy.dqyhg.cn/api.php/provide/vod/?ac=list",
      "searchable": 1,
      "quickSearch": 1,
      "filterable": 0,
      "categories": [
        "电影",
        "综艺",
        "动漫",
        "连续剧",
        "动作片",
        "喜剧片",
        "爱情片",
        "科幻片",
        "恐怖片",
        "剧情片",
        "战争片",
        "国产剧",
        "港台剧",
        "日韩剧",
        "欧美剧"
      ]
    },
    {
      "key": "M3U8.TV资源",
      "name": "🐌M3U8.TV",
      "type": 0,
      "api": "http://www.zycaiji.net:7788/api.php/provide/vod/at/xml",
      "searchable": 1,
      "quickSearch": 1,
      "filterable": 0,
      "categories": [
        "国产剧",
        "综艺",
        "动漫",
        "动作片",
        "喜剧片",
        "爱情片",
        "科幻片",
        "恐怖片",
        "剧情片",
        "战争片",
        "港台剧",
        "日韩剧",
        "惊悚片",
        "犯罪片",
        "冒险片",
        "悬疑片",
        "动画片",
        "武侠片",
        "奇幻片",
        "纪录片",
        "动画片番剧（B站专用）",
        "国创（B站专用）",
        "电影（B站专用）",
        "电视剧（B站专用）"
      ]
    },
    {
      "key": "星海资源",
      "name": "🐌星海",
      "type": 0,
      "api": "https://www.xhzy01.com/api.php/provide/vod/at/xml",
      "searchable": 1,
      "quickSearch": 1,
      "filterable": 0
    },
    {
      "key": "艾克",
      "name": "🐌艾克",
      "type": 0,
      "api": "https://ikcss.cn/api.php/provide/vod/at/xml",
      "searchable": 1,
      "quickSearch": 1,
      "filterable": 0
    },
    {
      "key": "绝影",
      "name": "🐌绝影",
      "type": 0,
      "api": "https://106.12.153.187/api.php/provide/vod/at/xml",
      "searchable": 1,
      "quickSearch": 1,
      "filterable": 0
    },
    {
      "key": "八戒",
      "name": "🐌八戒",
      "type": 0,
      "api": "https://www.bajiezy.xyz/api.php/provide/vod/at/xml",
      "searchable": 1,
      "quickSearch": 1,
      "filterable": 0
    },
    {
      "key": "人人迷",
      "name": "🐌人人迷",
      "type": 0,
      "api": "https://koko.renrenmi.cc/api.php/provide/vod/at/xml",
      "searchable": 1,
      "quickSearch": 1,
      "filterable": 0
    },
    {
      "key": "XYUI",
      "name": "🐌XYUI",
      "type": 1,
      "api": "http://jx4.xyui.top:7001/api.php/provide/vod/",
      "searchable": 1,
      "quickSearch": 1,
      "filterable": 0
    },
    {
      "key": "ayuan",
      "name": "🐌阿远采集",
      "type": 0,
      "api": "http://jx4.xyui.top:7001/api.php/provide/vod/at/xml",
      "searchable": 1,
      "quickSearch": 1,
      "filterable": 0
    },
    {
      "key": "6U资源",
      "name": "🐌6U资源",
      "type": 1,
      "api": "http://zy.ataoju.com/inc/apijson_vod.php",
      "searchable": 1,
      "quickSearch": 1,
      "filterable": 0
    },
    {
      "key": "csp_AppYsV2_美剧范",
      "name": "🐌美剧范",
      "type": 3,
      "api": "csp_AppYsV2",
      "searchable": 1,
      "quickSearch": 1,
      "filterable": 1,
      "ext": "http://ttzmz.net/api.php/v1.vod"
    }
  ],
  "lives": [
    {
      "group": "redirect",
      "channels": [
        {
          "name": "live",
          "urls": [
            "proxy://do=live&type=txt&ext=aHR0cDovLzExMS42Ny4xOTMuMTYzL1RWYm94L2xpdmUvbHYudHh0"
          ]
        }
      ]
    }
  ],
  "parses": [
    {
      "name": "解析聚合",
      "type": 3,
      "url": "Demo"
    },
    {
      "name": "Json并发",
      "type": 2,
      "url": "Parallel"
    },
    {
      "name": "Json轮询",
      "type": 2,
      "url": "Sequence"
    },

    {
  "name": "GGTV快速1",
  "type": 1,
  "url": "https://play.fuqizhishi.com/ggtv/API.php?appkey=QQ172598364&url=",
  "ext": {
        "flag": [
          "qq",
          "腾讯",
          "qiyi",
          "爱奇艺",
          "奇艺",
          "youku",
          "优酷",
          "mgtv",
          "芒果",
          "letv",
          "乐视",
          "pptv",
          "PPTV",
          "sohu",
          "bilibili",
          "哔哩哔哩",
          "哔哩"
        ]
      }
        
    },
        {
  "name": "GGTV快速2",
  "type": 1,
  "url": "https://play.fuqizhishi.com/ganggang/API.php?appkey=QQ172598364&url=",
  "ext": {
        "flag": [
          "qq",
          "腾讯",
          "qiyi",
          "爱奇艺",
          "奇艺",
          "youku",
          "优酷",
          "mgtv",
          "芒果",
          "letv",
          "乐视",
          "pptv",
          "PPTV",
          "sohu",
          "bilibili",
          "哔哩哔哩",
          "哔哩"
        ]
      }
        
    },
            {
  "name": "GGTV快速3",
  "type": 1,
  "url": "https://play.fuqizhishi.com/mov/API.php?appkey=QQ172598364&url=",
  "ext": {
        "flag": [
          "qq",
          "腾讯",
          "qiyi",
          "爱奇艺",
          "奇艺",
          "youku",
          "优酷",
          "mgtv",
          "芒果",
          "letv",
          "乐视",
          "pptv",
          "PPTV",
          "sohu",
          "bilibili",
          "哔哩哔哩",
          "哔哩"
        ]
      }
        
    },
            {
      "name": "293",
      "type": 1,
      "url": "http://123.56.222.84:2025/iphones/100.php?url=",
      "ext": {
        "flag": [
          "qq",
          "腾讯",
          "qiyi",
          "爱奇艺",
          "奇艺",
          "youku",
          "优酷",
          "mgtv",
          "芒果",
          "letv",
          "乐视",
          "pptv",
          "PPTV",
          "sohu",
          "bilibili",
          "哔哩哔哩",
          "哔哩"
        ]
      }
    },
        {
      "name": "棍哥解析1",
      "type": 1,
      "url": "http://150.230.216.174/tvjx.php?url=",
      "ext": {
        "flag": [
          "qq",
          "腾讯",
          "qiyi",
          "爱奇艺",
          "奇艺",
          "youku",
          "优酷",
          "mgtv",
          "芒果",
          "letv",
          "乐视",
          "pptv",
          "PPTV",
          "sohu",
          "bilibili",
          "哔哩哔哩",
          "哔哩"
        ]
      }
    },
    {
      "name": "棍哥解析2",
      "type": 1,
      "url": "http://111.67.193.163/TVbox/jiexi/tvjx.php?url=",
      "ext": {
        "flag": [
          "qq",
          "腾讯",
          "qiyi",
          "爱奇艺",
          "奇艺",
          "youku",
          "优酷",
          "mgtv",
          "芒果",
          "letv",
          "乐视",
          "pptv",
          "PPTV",
          "sohu",
          "bilibili",
          "哔哩哔哩",
          "哔哩"
        ]
      }
    },


    {
      "name": "lemiao",
      "type": 1,
      "url": "https://jf.lemiaoyun.cn/home/api?type=ys&uid=2138605&key=dhjnotwEHNOST15789&url="
    },
    {
      "name": "LTRX",
      "type": 1,
      "url": "https://svip.spchat.top/api/?type=ys&key=bKemW41JnxmQb4l67h&url=",
      "ext": {
        "flag": [
          "rx"
        ]
      }
    },
    {
      "name": "leduo",
      "type": 1,
      "url": "https://api.ldjx.cc/wp-api/getvodurl.php?token=1001&vid=",
      "ext": {
        "flag": [
          "leduo"
        ]
      }
    },
    

    {
      "name": "瓜皮解析",
      "type": 1,
      "url": "https://json.lihaoyun.top/dd/rxvr.php?url=",
      "ext": {
        "flag": [
          "qq",
          "腾讯",
          "qiyi",
          "爱奇艺",
          "奇艺",
          "youku",
          "优酷",
          "mgtv",
          "芒果"
        ]
      }
    },
    
        {
      "name": "YY解析",
      "type": 1,
      "url": "https://play.fuqizhishi.com/maotv/API.php?appkey=xiongdimenbieguaiwodingbuzhulegailekey07201538&url="
    },


      {
      "name": "解析1",
      "type": 1,
      "url": "https://json.tothis.pw/?url=",
      "ext": {
        "flag": [
          "qq",
          "腾讯",
          "qiyi",
          "爱奇艺",
          "奇艺",
          "youku",
          "优酷",
          "mgtv",
          "芒果",
          "letv",
          "乐视",
          "pptv",
          "PPTV",
          "sohu",
          "bilibili",
          "哔哩哔哩",
          "哔哩"
        ]
      }
    },

    {
      "name": "左岸",
      "type": 1,
      "url": "http://110.42.2.115:880/analysis/json/?uid=2288&my=flmoqszABEIJNQT017&url=",
      "ext": {
        "flag": [
          "qq",
          "腾讯",
          "qiyi",
          "爱奇艺",
          "奇艺",
          "youku",
          "优酷",
          "sohu",
          "搜狐",
          "letv",
          "乐视",
          "mgtv",
          "芒果",
          "CL4K",
          "renrenmi",
          "ltnb",
          "bilibili",
          "1905",
          "xigua"
         ]
     
      }
    },
    {
      "name": "parwix1",
      "type": 0,
      "url": "https://jx.parwix.com:4433/player/?url=",
      "ext": {
        "flag": [
          "qq",
          "腾讯",
          "qiyi",
          "爱奇艺",
          "奇艺",
          "youku",
          "优酷",
          "mgtv",
          "芒果",
          "letv",
          "乐视",
          "pptv",
          "PPTV",
          "sohu",
          "bilibili",
          "哔哩哔哩",
          "哔哩"
        ]
      }
    },
    {
      "name": "618",
      "type": 0,
      "url": "https://jx.618g.com/?url=",
      "ext": {
        "flag": [
          "ltnb",
          "renrenmi",
          "qq",
          "腾讯",
          "qiyi",
          "爱奇艺",
          "奇艺",
          "youku",
          "优酷",
          "mgtv",
          "芒果",
          "bilibili",
          "哔哩哔哩",
          "哔哩"
        ]
      }
    },
    {
      "name": "久看",
      "type": 0,
      "url": "https://9kjx.com/?url=",
      "ext": {
        "flag": [
          "ltnb",
          "renrenmi",
          "qq",
          "腾讯",
          "qiyi",
          "爱奇艺",
          "奇艺",
          "youku",
          "优酷",
          "mgtv",
          "芒果",
          "bilibili",
          "哔哩哔哩",
          "哔哩"
        ]
      }
    },
    {
      "name": "1907",
      "type": 0,
      "url": "https://z1.m1907.cn/?jx=",
      "ext": {
        "flag": [
          "ltnb",
          "renrenmi",
          "qq",
          "腾讯",
          "qiyi",
          "爱奇艺",
          "奇艺",
          "youku",
          "优酷",
          "mgtv",
          "芒果",
          "bilibili",
          "哔哩哔哩",
          "哔哩"
        ]
      }
    },
    {
      "name": "高速接口",
      "type": 0,
      "url": "https://jsap.attakids.com/?url=",
      "ext": {
        "flag": [
          "ltnb",
          "renrenmi",
          "qq",
          "腾讯",
          "qiyi",
          "爱奇艺",
          "奇艺",
          "youku",
          "优酷",
          "mgtv",
          "芒果",
          "bilibili",
          "哔哩哔哩",
          "哔哩"
        ]
      }
    },
    {
      "name": "综合",
      "type": 0,
      "url": "https://vip.parwix.com:4433/player/?url=",
      "ext": {
        "flag": [
          "ltnb",
          "renrenmi",
          "qq",
          "腾讯",
          "qiyi",
          "爱奇艺",
          "奇艺",
          "youku",
          "优酷",
          "mgtv",
          "芒果",
          "bilibili",
          "哔哩哔哩",
          "哔哩"
        ]
      }
    },
    {
      "name": "夜幕",
      "type": 0,
      "url": "https://www.yemu.xyz/?url=",
      "ext": {
        "flag": [
          "ltnb",
          "renrenmi",
          "qq",
          "腾讯",
          "qiyi",
          "爱奇艺",
          "奇艺",
          "youku",
          "优酷",
          "mgtv",
          "芒果",
          "bilibili",
          "哔哩哔哩",
          "哔哩"
        ]
      }
    },
    {
      "name": "诺讯",
      "type": 0,
      "url": "https://www.nxflv.com/?url=",
      "ext": {
        "flag": [
          "youku",
          "优酷",
          "mgtv",
          "芒果",
          "qq",
          "腾讯",
          "qiyi",
          "爱奇艺",
          "qq",
          "奇艺",
          "sohu",
          "letv"
        ]
      }
    },
    {
      "name": "爱豆",
      "type": 0,
      "url": "https://jx.aidouer.net/?url=",
      "ext": {
        "flag": [
          "ltnb",
          "renrenmi",
          "qq",
          "腾讯",
          "qiyi",
          "爱奇艺",
          "奇艺",
          "youku",
          "优酷",
          "mgtv",
          "芒果",
          "bilibili",
          "哔哩哔哩",
          "哔哩"
        ]
      }
    },
    {
      "name": "M3U8",
      "type": 0,
      "url": "https://jx.m3u8.tv/jiexi/?url=",
      "ext": {
        "flag": [
          "ltnb",
          "renrenmi",
          "qq",
          "腾讯",
          "qiyi",
          "爱奇艺",
          "奇艺",
          "youku",
          "优酷",
          "mgtv",
          "芒果",
          "bilibili",
          "哔哩哔哩",
          "哔哩"
        ]
      }
    },
    {
      "name": "虾米1",
      "type": 0,
      "url": "https://nbjx.vip/index.php?url=",
      "ext": {
        "flag": [
          "ltnb",
          "renrenmi",
          "qq",
          "腾讯",
          "qiyi",
          "爱奇艺",
          "奇艺",
          "youku",
          "优酷",
          "mgtv",
          "芒果",
          "bilibili",
          "哔哩哔哩",
          "哔哩"
        ]
      }
    },
    {
      "name": "虾米2",
      "type": 0,
      "url": "https://jx.xmflv.com/?url=",
      "ext": {
        "flag": [
          "ltnb",
          "renrenmi",
          "qq",
          "腾讯",
          "qiyi",
          "爱奇艺",
          "奇艺",
          "youku",
          "优酷",
          "mgtv",
          "芒果",
          "bilibili",
          "哔哩哔哩",
          "哔哩"
        ]
      }
    }
  ],
  "flags": [
    "youku",
    "qq",
    "iqiyi",
    "qiyi",
    "letv",
    "sohu",
    "tudou",
    "pptv",
    "mgtv",
    "wasu",
    "bilibili",
    "renrenmi"
  ],
  "ijk": [
    {
      "group": "软解码",
      "options": [
        {
          "category": 4,
          "name": "opensles",
          "value": "0"
        },
        {
          "category": 4,
          "name": "overlay-format",
          "value": "842225234"
        },
        {
          "category": 4,
          "name": "framedrop",
          "value": "1"
        },
        {
          "category": 4,
          "name": "soundtouch",
          "value": "1"
        },
        {
          "category": 4,
          "name": "start-on-prepared",
          "value": "1"
        },
        {
          "category": 1,
          "name": "http-detect-range-support",
          "value": "0"
        },
        {
          "category": 1,
          "name": "fflags",
          "value": "fastseek"
        },
        {
          "category": 2,
          "name": "skip_loop_filter",
          "value": "48"
        },
        {
          "category": 4,
          "name": "reconnect",
          "value": "1"
        },
        {
          "category": 4,
          "name": "enable-accurate-seek",
          "value": "0"
        },
        {
          "category": 4,
          "name": "mediacodec",
          "value": "0"
        },
        {
          "category": 4,
          "name": "mediacodec-auto-rotate",
          "value": "0"
        },
        {
          "category": 4,
          "name": "mediacodec-handle-resolution-change",
          "value": "0"
        },
        {
          "category": 4,
          "name": "mediacodec-hevc",
          "value": "0"
        },
        {
          "category": 1,
          "name": "dns_cache_timeout",
          "value": "600000000"
        }
      ]
    },
    {
      "group": "硬解码",
      "options": [
        {
          "category": 4,
          "name": "opensles",
          "value": "0"
        },
        {
          "category": 4,
          "name": "overlay-format",
          "value": "842225234"
        },
        {
          "category": 4,
          "name": "framedrop",
          "value": "1"
        },
        {
          "category": 4,
          "name": "soundtouch",
          "value": "1"
        },
        {
          "category": 4,
          "name": "start-on-prepared",
          "value": "1"
        },
        {
          "category": 1,
          "name": "http-detect-range-support",
          "value": "0"
        },
        {
          "category": 1,
          "name": "fflags",
          "value": "fastseek"
        },
        {
          "category": 2,
          "name": "skip_loop_filter",
          "value": "48"
        },
        {
          "category": 4,
          "name": "reconnect",
          "value": "1"
        },
        {
          "category": 4,
          "name": "enable-accurate-seek",
          "value": "0"
        },
        {
          "category": 4,
          "name": "mediacodec",
          "value": "1"
        },
        {
          "category": 4,
          "name": "mediacodec-auto-rotate",
          "value": "1"
        },
        {
          "category": 4,
          "name": "mediacodec-handle-resolution-change",
          "value": "1"
        },
        {
          "category": 4,
          "name": "mediacodec-hevc",
          "value": "1"
        },
        {
          "category": 1,
          "name": "dns_cache_timeout",
          "value": "600000000"
        }
      ]
    }
  ],
  "ads": [
    "mimg.0c1q0l.cn",
    "www.googletagmanager.com",
    "www.google-analytics.com",
    "mc.usihnbcq.cn",
    "mg.g1mm3d.cn",
    "mscs.svaeuzh.cn",
    "cnzz.hhttm.top",
    "tp.vinuxhome.com",
    "cnzz.mmstat.com",
    "www.baihuillq.com",
    "s23.cnzz.com",
    "z3.cnzz.com",
    "c.cnzz.com",
    "stj.v1vo.top",
    "z12.cnzz.com",
    "img.mosflower.cn",
    "tips.gamevvip.com",
    "ehwe.yhdtns.com",
    "xdn.cqqc3.com",
    "www.jixunkyy.cn",
    "sp.chemacid.cn",
    "hm.baidu.com",
    "s9.cnzz.com",
    "z6.cnzz.com",
    "um.cavuc.com",
    "mav.mavuz.com",
    "wofwk.aoidf3.com",
    "z5.cnzz.com",
    "xc.hubeijieshikj.cn",
    "tj.tianwenhu.com",
    "xg.gars57.cn",
    "k.jinxiuzhilv.com",
    "cdn.bootcss.com",
    "ppl.xunzhuo123.com",
    "xomk.jiangjunmh.top",
    "img.xunzhuo123.com",
    "z1.cnzz.com",
    "s13.cnzz.com",
    "xg.huataisangao.cn",
    "z7.cnzz.com",
    "xg.huataisangao.cn",
    "z2.cnzz.com",
    "s96.cnzz.com",
    "q11.cnzz.com",
    "thy.dacedsfa.cn",
    "xg.whsbpw.cn",
    "s19.cnzz.com",
    "z8.cnzz.com",
    "s4.cnzz.com",
    "f5w.as12df.top",
    "ae01.alicdn.com",
    "www.92424.cn",
    "k.wudejia.com",
    "vivovip.mmszxc.top",
    "qiu.xixiqiu.com",
    "cdnjs.hnfenxun.com",
    "cms.qdwght.com"
  ],
  "wallpaper": "http://111.67.193.163/TVbox/api.php",
  "spider": "http://111.67.193.163/TVbox/jar/220812.jpg;md5;9b7c75ccdbdf213158400f9cff4753e4"
}